dis_mid,raw_kdp_abs_diff,reg_kdp_abs_diff,kdp_lsf_abs_diff
0.11249999999999999,,,
0.1875,,,
0.2625,,,
0.3375,,,
0.4125,,,
0.48750000000000004,,,
0.5625,,,
0.6375,,,
0.7125,,,
0.7875,,,
0.8625,,,
0.9375,,,
1.0125,,,
1.0875,,44.13796296296301,
1.1625,,0.0,
1.2374999999999998,,44.137962962962995,
1.3125,,2.842170943040401e-14,
1.3875000000000002,0.0,1.4210854715202004e-14,
1.4625,0.0,0.0,
1.5375,0.0,0.0,
1.6124999999999998,0.0,1.4210854715202004e-14,1.891626984126984
1.6875,0.0,2.842170943040401e-14,2.2068981481481478
1.7625000000000002,0.0,1.4210854715202004e-14,0.0
1.8375,0.0,0.0,2.8925045851662587e-15
1.9125,0.0,0.0,2.8925045851662587e-15
1.9874999999999998,0.0,1.4210854715202004e-14,8.946008396230348e-16
2.0625,0.0,0.0,3.422435468521888e-15
2.1375,0.0,2.842170943040401e-14,1.81415922470387e-15
2.2125,0.0,1.4210854715202004e-14,8.170539827012856e-17
2.2875,0.0,1.4210854715202004e-14,7.658982849453268e-17
2.3625,0.0,2.842170943040401e-14,2.3445818566763917e-15
2.4375,0.0,2.842170943040401e-14,1.4699709875049366e-15
2.5125,0.0,2.842170943040401e-14,2.812330490271692e-15
2.5875,0.0,1.4210854715202004e-14,1.5077594672349687e-15
2.6625,0.0,1.4210854715202004e-14,5.9868438038721405e-16
2.7375,0.10000000000000003,2.842170943040401e-14,3.373226390928874e-15
2.8125,0.0,2.842170943040401e-14,0.0
2.8875,0.0,2.842170943040401e-14,0.0
2.9625,0.0,1.4210854715202004e-14,0.0
3.0375,0.0,1.4210854715202004e-14,0.0
3.1125,0.0,2.842170943040401e-14,5.793596417678725e-16
3.1875,0.0,2.842170943040401e-14,3.948819647119021e-15
3.2625,0.0,2.842170943040401e-14,3.421614229100955e-15
3.3375,0.0,1.4210854715202004e-14,0.0464351851851776
3.4125,0.0,1.4210854715202004e-14,0.0398015873015919
3.4875,0.0,2.842170943040401e-14,0.0552096560846506
3.5625,0.0,2.842170943040401e-14,0.04542724867725009
3.6375,0.0,2.842170943040401e-14,0.0356448412698481
3.7125,0.0,1.4210854715202004e-14,0.025862433862434697
3.7875,0.0,0.9287037037037038,0.016080026455016994
3.8625,0.0,2.842170943040401e-14,0.006297619047622105
3.9375,0.0,0.4878703703703309,0.0034847883597934892
4.0125,0.10000000000000003,2.842170943040401e-14,0.013267195767191875
4.0875,0.0,0.4408333333333161,0.02304960317459903
4.1625,0.0,0.0,0.0328320105820141
4.237500000000001,0.0,0.0,0.042614417989413705
4.3125,0.0,0.0,0.05239682539682659
4.387499999999999,0.0,0.0,0.062179232804227096
4.4625,0.0,0.0,0.0188928571428622
4.5375,0.0,0.0,0.0220416666666635
4.612500000000001,0.0,0.0,1.2064392728923795e-15
4.6875,0.0,0.0,3.935860479859044e-16
4.762499999999999,0.0,0.0,3.813431781566211e-16
4.8375,0.0,0.0,5.25119232962483e-15
4.9125,0.0,0.0,4.15318590752187e-15
4.987500000000001,0.0,0.0,1.4793496002595813e-15
5.0625,0.0,0.0,2.513029572132385e-15
5.137499999999999,0.09999999999999998,0.0,6.713660288400128e-16
5.2125,0.0,0.0,1.3498283562289356e-15
5.2875,0.0,0.0,4.5342239572013335e-15
5.362500000000001,0.0,0.0,0.0
5.4375,0.0,0.0,0.0
5.512499999999999,0.0,0.0,4.289987113349657e-15
5.5875,0.0,0.0,3.3131460941053332e-15
5.6625,0.09999999999999998,0.0,3.3415466746456147e-16
5.737500000000001,0.0,0.0,6.426863517797624e-16
5.8125,0.0,0.0,0.0
5.887499999999999,0.0,0.0,3.0917737619583735e-15
5.9625,0.0,0.0,2.786449792729082e-15
6.0375,0.09999999999999998,0.0,3.053239692292918e-16
6.112500000000001,0.0,0.0,0.0
6.1875,0.0,0.0,0.0
6.262499999999999,0.0,0.0,4.3623607664335764e-15
6.3375,0.0,0.0,4.3623607664335764e-15
6.4125,0.10000000000000009,0.0,1.7044675812305677e-15
6.487500000000001,0.0,0.0,0.027541666666666697
6.5625,0.0,0.0,0.023607142857138302
6.637499999999999,0.0,0.0,0.019672619047623192
6.7125,0.09999999999999998,0.0,0.015738095238095606
6.7875,0.0,0.0,0.13924404761904519
6.862500000000001,0.0,0.0,0.11710374149660471
6.9375,0.0,0.5508333333333297,0.09496343537414198
7.012499999999999,0.09999999999999998,0.0,0.07282312925169832
7.0875,0.0,0.5508333333333297,0.0506828231292511
7.1625,0.0,0.0,0.028542517006807655
7.237500000000001,0.0,2.5488095238095525,0.006402210884354109
7.3125,0.10000000000000009,0.0,0.015738095238101657
7.387499999999999,0.0,2.5488095238095525,0.037878401360545655
7.4625,0.0,0.0,0.06001870748298943
7.5375,0.09999999999999987,0.0,0.0821590136054402
7.612500000000001,0.0,0.0,0.07282312925169543
7.6875,0.0,0.0,0.09102891156462908
7.762499999999999,0.0,0.0,0.10923469387754581
7.8375,0.10000000000000009,0.0,0.1213690476190426
7.9125,0.0,0.0,0.2132653061224474
7.987500000000001,0.0,0.0,0.1777210884353771
8.0625,0.09999999999999987,0.0,0.142176870748298
8.1375,0.0,0.0,0.23968820861677964
8.2125,0.0,0.0,0.1851360544217746
8.2875,0.10000000000000009,4.976190476190354,0.13058390022674926
8.3625,0.0,1.4210854715202004e-14,0.07603174603175167
8.4375,0.0,4.976190476190382,0.02147959183672543
8.5125,0.0,2.842170943040401e-14,0.03307256235827438
8.5875,0.10000000000000009,2.6611111111111114,0.00015306122449509907
8.6625,0.0,2.842170943040401e-14,0.04527210884353616
8.7375,0.0,2.66111111111114,0.11545918367346619
8.8125,0.09999999999999987,2.842170943040401e-14,0.013242630385480236
8.8875,0.0,2.842170943040401e-14,0.08535714285714668
8.9625,0.0,1.4210854715202004e-14,0.1003968253968266
9.0375,0.0,1.7555555555555171,0.3184523809523865
9.1125,0.7,0.43333333333336577,0.4785714285714242
9.1875,0.10000000000000009,1.7555555555555458,0.48107142857141927
9.2625,0.10000000000000009,3.544444444444494,0.4718253968254045
9.3375,0.10000000000000009,5.684341886080802e-14,0.329523809523812
9.4125,0.09999999999999964,3.9777777777777743,0.6057936507936321
9.4875,0.10000000000000009,5.622222222222362,0.4036961451247172
9.5625,0.0,5.266666666666509,0.20159863945581513
9.6375,0.10000000000000009,2.7555555555556026,0.0004988662131877319
9.7125,0.10000000000000009,5.266666666666566,0.10227891156461677
9.7875,0.0,2.866666666666731,0.2670748299319472
9.8625,0.0,8.371428571428794,0.4535374149659974
9.9375,0.10000000000000009,2.842170943040401e-14,0.10126984126985139
10.0125,0.0,8.371428571428737,0.14964285714285053
10.0875,0.0,0.0,0.3742063492063403
10.1625,0.0,0.0,0.09833333333333494
10.2375,0.0,0.0,0.007380952380958039
10.3125,0.0,0.0,0.015952380952378054
10.3875,0.0,6.22857142857157,0.05547619047618868
10.4625,0.10000000000000009,3.0833333333332575,0.07999999999998675
10.5375,0.0,6.228571428571456,0.2655697278911502
10.6125,0.0,0.5000000000000568,0.12637755102038417
10.6875,0.0,2.7977620220553945e-14,0.012814625850325001
10.7625,0.10000000000000009,3.5833333333334,0.15200680272109146
10.8375,0.0,4.466666666666697,0.2394260204081684
10.9125,0.10000000000000009,0.966666666666697,0.024430272108847184
10.9875,0.0,3.3083333333333655,0.1905654761904696
11.0625,0.10000000000000009,0.9666666666666683,0.04964285714286465
11.1375,0.09999999999999964,1.15833333333336,0.0439583333333351
11.2125,0.0,0.0,0.192440476190487
11.2875,0.10000000000000009,10.6124999999997,0.13616071428571264
11.3625,0.10000000000000009,0.0,0.25904761904760853
11.4375,0.0,10.6124999999997,0.2604761904761892
11.5125,0.10000000000000009,0.0,0.06035714285712768
11.5875,0.19999999999999973,0.0,0.02214285714284392
11.6625,0.0,0.0,0.0580357142857304
11.7375,0.0,0.0,0.18470238095236802
11.8125,0.10000000000000009,0.0,0.3113690476190356
11.8875,0.0,2.429166666666731,0.43803571428572274
11.9625,0.0,4.116666666666674,0.2171428571428724
12.0375,0.0,2.429166666666645,0.26455357142854585
12.1125,0.0,3.5416666666667433,0.17101190476192163
12.1875,0.0,0.0,0.07747023809524123
12.2625,0.0,0.575000000000017,0.04411375661375727
12.3375,0.0,0.0,0.058025793650811064
12.4125,0.10000000000000009,3.5083333333332405,0.1601653439153381
12.4875,0.0,2.466666666666697,0.2623048941798938
12.5625,0.0,3.5083333333332405,0.2256349206349122
12.6375,0.0,2.466666666666697,0.07518518518519923
12.7125,0.0,1.2037037037037237,0.13056878306878272
12.7875,0.0,2.8199664825478976e-14,0.15309523809524261
12.8625,0.10000000000000009,1.203703703703752,0.20437169312169245
12.9375,0.0,0.0,0.06333333333334312
13.0125,0.0,0.0,0.03351190476190902
13.0875,0.0,0.0,0.08428571428572273
13.1625,0.09999999999999987,0.0,0.43476190476190046
13.2375,0.0,0.0,0.33809523809523956
13.3125,0.0,0.0,0.2942063492063547
13.3875,0.0,6.379629629629761,0.25878306878306834
13.4625,0.10000000000000009,5.684341886080802e-14,0.16317460317460553
13.5375,0.0,6.096296296296401,0.15312169312167523
13.6125,0.0,5.666666666666799,0.4397354497354682
13.6875,0.0,0.28333333333333144,0.27555555555553735
13.7625,0.19999999999999996,4.611111111111171,0.11137566137568777
13.8375,0.0,5.684341886080802e-14,0.041970899470920475
13.9125,0.2999999999999998,1.0555555555555713,0.2076984126983854
13.9875,0.10000000000000009,1.7111111111111938,0.3734259259259396
14.0625,0.30000000000000004,7.88888888888863,0.1746031746031833
14.1375,0.0,1.711111111111137,0.2947619047618977
14.2125,0.0,7.888888888888658,0.3987301587301564
14.2875,0.40000000000000013,0.2166666666666969,0.09229166666667021
14.3625,0.0,2.8504976157250894e-14,0.18434523809524817
14.4375,0.0,0.21666666666675383,0.21608134920634114
14.5125,0.09999999999999987,5.684341886080803e-14,0.3005952380952406
14.5875,0.0,2.8421709430404014e-14,0.38510912698413036
14.6625,0.0,2.8421709430404014e-14,0.3718452380952392
14.7375,0.10000000000000009,2.01527777777784,0.006656746031738103
14.8125,0.0,2.886579864025407e-14,0.009285714285702684
14.8875,0.0,2.015277777777783,0.20539682539681353
14.9625,0.0,0.0,0.19388888888889722
15.0375,0.09999999999999987,0.0,0.20408730158729493
15.1125,0.0,0.0,0.14444444444443882
15.1875,0.0,0.0,0.08480158730159948
15.2625,0.10000000000000009,0.0,0.0657142857142845
15.3375,0.0,4.61250000000004,0.00547777777775682
15.4125,0.0,0.5000000000000568,0.05445714285716141
15.4875,0.0,3.3902777777778397,0.0026726190476238365
15.5625,0.09999999999999998,0.5000000000000571,0.04911190476192595
15.6375,0.0,1.2222222222221715,0.10089642857141867
15.7125,0.0,0.8111111111111029,0.15268095238095403
15.7875,0.0,0.10399999999989973,0.20446547619047695
15.8625,0.09999999999999998,0.8111111111111029,0.25624999999999654
15.9375,0.0,0.10399999999995652,0.30803452380954394
16.0125,0.0,5.684341886080803e-14,0.09624761904759258
16.0875,0.0,2.8421709430404014e-14,0.08651428571429061
16.1625,0.10000000000000009,0.0,0.0319396825396865
16.237499999999997,0.0,2.8421709430404014e-14,0.0384761904761804
16.3125,0.0,5.684341886080803e-14,0.0450126984127085
16.387500000000003,0.0,2.8421709430404014e-14,0.0051999999999887
16.4625,0.0,0.0,0.0
16.5375,0.09999999999999998,0.0,0.0
16.612499999999997,0.0,2.8421709430404014e-14,0.0
16.6875,0.0,5.684341886080803e-14,0.0
16.762500000000003,0.0,2.8421709430404014e-14,0.0
16.8375,0.0,0.0,9.565406087927722e-15
16.9125,0.09999999999999998,0.0,9.565406087927722e-15
16.987499999999997,0.0,2.8421709430404014e-14,0.0
17.0625,0.0,5.684341886080803e-14,4.290723164091434e-15
17.137500000000003,0.0,2.8421709430404014e-14,4.290723164091434e-15
17.2125,0.0,0.0,5.529453470625684e-15
17.2875,0.0,0.0,5.529453470625684e-15
17.362499999999997,0.0,2.8421709430404014e-14,5.9034794710693005e-15
17.4375,0.09999999999999998,5.684341886080803e-14,5.9034794710693005e-15
17.512500000000003,0.0,2.8421709430404014e-14,9.615707997979431e-15
17.5875,0.0,0.0,9.615707997979431e-15
17.6625,0.0,0.0,0.0
17.737499999999997,0.0,2.8421709430404014e-14,0.0
17.8125,0.0,5.684341886080803e-14,7.398902468814302e-15
17.887500000000003,0.0,2.8421709430404014e-14,4.471691460323766e-15
17.9625,0.0,0.0,3.619187752882745e-15
18.0375,0.10000000000000003,0.0,8.588886940575742e-15
18.112499999999997,0.0,2.8421709430404014e-14,1.5885254235684232e-15
18.1875,0.0,5.684341886080803e-14,4.463470001745062e-15
18.262500000000003,0.0,2.8421709430404014e-14,8.80430759612424e-15
18.3375,0.0,0.0,1.2830257759392672e-14
18.4125,0.0,0.0,2.386121065907839e-15
18.487499999999997,0.0,2.8421709430404014e-14,2.7628834388676346e-15
18.5625,0.0,5.684341886080803e-14,5.1490045047754734e-15
18.637500000000003,0.0,2.8421709430404014e-14,7.857937749255152e-16
18.7125,0.0,0.0,7.857937749255152e-16
18.7875,0.0,0.0,0.0
18.862499999999997,0.0,2.8421709430404014e-14,0.0
18.9375,0.0,5.684341886080803e-14,8.893798803540374e-15
19.012500000000003,0.0,2.8421709430404014e-14,6.967974021863231e-15
19.0875,0.0,0.0,0.06771666666666087
19.1625,0.0,0.0,0.0580428571428661
19.237499999999997,0.0,2.8421709430404014e-14,0.048369047619052113
19.3125,0.09999999999999998,5.684341886080803e-14,0.03869523809524639
19.387500000000003,0.0,2.8421709430404014e-14,0.055549206349204905
19.4625,0.0,0.0,0.04208571428571278
19.5375,0.0,1.354333333333443,0.028622222222219995
19.612499999999997,0.0,2.842170943040401e-14,0.060714285714290495
19.6875,0.0,1.3543333333334715,0.10422770562770017
19.762500000000003,0.09999999999999998,0.0,0.07518701298701058
19.8375,0.0,0.5305555555555657,0.04614632034633326
19.9125,0.0,0.0,0.01710562770562052
19.987499999999997,0.0,0.5305555555555372,0.011935064935071127
20.0625,0.0,0.9111111111110688,0.040975757575758
20.137500000000003,0.0,1.2696969696970086,0.07001645021646008
20.2125,0.0,0.9111111111110972,0.02166666666666539
20.2875,0.0,1.2696969696970086,0.0410335497835384
20.362499999999997,0.0,0.0,0.06040043290044811
20.4375,0.0,0.0,0.07976731601731779
20.512500000000003,0.0,0.0,0.056917162698423895
20.5875,0.0,0.0,0.0233779761904791
20.6625,0.0,0.0,0.010161210317469416
20.737499999999997,0.0,0.0,0.008363095238088925
20.8125,0.0,0.0,0.05388595779220551
20.887500000000003,0.0,0.0,0.03592397186147078
20.9625,0.0,2.5146780303030027,0.017961985930741386
21.0375,0.0,0.0,2.55351295663786e-15
21.112499999999997,0.0,2.5146780303030027,0.017961985930737945
21.1875,0.0,0.0,0.035923971861468174
21.262500000000003,0.0,0.0,0.053885957792215944
21.3375,0.0,0.0,0.0718479437229364
21.4125,0.0,0.0,0.08980992965367249
21.487499999999997,0.0,0.0,0.10777191558441729
21.5625,0.0,0.0,0.1257339015151557
21.637500000000003,0.0,0.0,3.0467684001504933e-15
21.7125,0.10000000000000003,0.0,3.0467684001504933e-15
21.7875,0.0,0.0,3.36203671333637e-16
21.862499999999997,0.0,0.0,3.36203671333637e-16
21.9375,0.0,0.0,0.0
22.012500000000003,0.0,0.0,0.0
22.0875,0.0,0.0,0.0
22.1625,0.0,0.0,3.305257753370278e-15
22.237499999999997,0.0,0.0,3.612417972279139e-15
22.3125,0.0,0.0,6.917675725649417e-15
22.387500000000003,0.0,0.0,3.59931174910005e-15
22.4625,0.0,0.0,3.59931174910005e-15
22.5375,0.0,0.0,0.0
22.612499999999997,0.0,0.0,0.0
22.6875,0.0,0.0,7.749394485803508e-15
22.762500000000003,0.0,0.0,7.749394485803508e-15
22.8375,0.0,0.0,0.0
22.9125,0.0,0.0,0.0657812499999887
22.987499999999997,0.0,0.0,0.0841617063492308
23.0625,0.0,0.0,0.07079613095236278
23.137500000000003,0.0,0.0,0.05743055555556362
23.2125,0.0,0.0,0.04406498015872551
23.2875,0.0,0.0,0.030699404761904192
23.362499999999997,0.0,1.3156249999999543,0.017333829365086373
23.4375,0.10000000000000003,0.5555555555555713,0.003968253968255009
23.512500000000003,0.0,1.3156249999999543,0.00939732142857741
23.5875,0.0,0.5555555555555713,0.022762896825391676
23.6625,0.0,0.0,0.19942708333332737
23.737499999999997,0.0,0.0,0.1524107142857063
23.8125,0.0,0.0,0.10539434523808733
23.887500000000003,0.0,0.0,0.058377976190462366
23.9625,0.0,0.0,0.011361607142859942
24.0375,0.0,0.0,0.11035714285714637
24.112499999999997,0.0,4.711111111110768,0.09436507936508243
24.1875,0.0,2.930988785010413e-14,0.05059523809523192
24.262500000000003,0.0,4.711111111110739,0.006825396825406171
24.3375,0.0,0.0,0.03694444444444267
24.4125,0.0,0.0,0.08071428571426953
24.487499999999997,0.09999999999999998,1.4166666666666288,0.04405753968252979
24.5625,0.0,0.0,0.023789682539657075
24.637500000000003,0.0,1.4166666666666288,0.09163690476190378
24.7125,0.0,0.0,0.15948412698413417
24.7875,0.0,0.0,0.041875000000007656
24.862499999999997,0.0,2.8421709430404014e-14,0.007678571428557435
24.9375,0.0,3.3708333333335077,0.02651785714285182
25.012500000000003,0.0,8.526512829121202e-14,0.060714285714297156
25.0875,0.0,3.370833333333394,0.0700000000000004
25.1625,0.0,0.0,0.02680272108842907
25.237499999999997,0.0,0.0,0.054438775510213255
25.3125,0.0,0.0,0.08207482993196324
25.387500000000003,0.0,0.0,0.10971088435373288
25.4625,0.0,0.0,0.13734693877552112
25.5375,0.1,0.4982142857142833,0.1649829931972855
25.612499999999997,0.0,2.842170943040401e-14,1.4502288259166107e-14
25.6875,0.0,0.4982142857143117,0.0035586734693925093
25.762500000000003,0.0,0.0,0.007117346938780994
25.8375,0.0,0.0,0.0106760204081595
25.9125,0.0,0.0,0.014234693877550497
25.987499999999997,0.0,0.0,0.017793367346942
26.0625,0.0,0.0,0.021352040816325402
26.137500000000003,0.0,0.0,0.1136696802151792
26.2125,0.0,0.0,0.1187831952864859
26.2875,0.0,0.0,0.09898599607206449
26.362499999999997,0.0,0.0,0.07918879685767233
26.4375,0.0,0.0,0.05939159764323487
26.512500000000003,0.0,0.0,0.03959439842882567
26.5875,0.0,2.771607890018004,0.019797199214411032
26.6625,0.0,0.0,7.549516567451064e-15
26.737499999999997,0.0,2.771607890018004,0.01979719921440959
26.8125,0.0,0.0,0.03959439842884077
26.887500000000003,0.0,0.0,0.059391597643234484
26.9625,0.0,0.0,0.079188796857667
27.0375,0.0,0.0,0.0989859960720666
27.112499999999997,0.0,0.0,0.11878319528647549
27.1875,0.0,0.0,0.138580394500902
27.262500000000003,0.0,0.0,0.0
27.3375,0.0,0.0,3.484683723630991e-15
27.4125,0.0,0.0,3.484683723630991e-15
27.487499999999997,,0.0,8.530944640722737e-15
27.5625,,0.0,8.530944640722737e-15
27.637500000000003,,0.0,0.0
27.7125,,0.0,0.0
27.7875,,0.0,0.0
27.862499999999997,,0.0,1.0520371220643436e-15
27.9375,,0.0,4.718656521384454e-15
28.012500000000003,,0.0,5.770693643448797e-15
28.0875,0.0,0.0,2.609054866571569e-15
28.1625,0.0,0.0,2.609054866571569e-15
28.237499999999997,0.0,0.0,0.0
28.3125,0.0,0.0,0.0
28.387500000000003,0.0,0.0,0.0
28.4625,0.0,0.0,5.406932294596889e-15
28.5375,0.0,0.0,2.0685677670574092e-15
28.612499999999997,0.0,0.0,1.8016138478656613e-15
28.6875,0.0,0.0,4.011892668367268e-18
28.762500000000003,0.0,0.0,5.0918349507409325e-15
28.8375,0.0,0.0,5.254636865038227e-16
28.9125,0.0,0.0,6.099110051242561e-15
28.987499999999997,0.0,0.0,3.286613438821706e-15
29.0625,0.0,0.0,7.4802513000523975e-16
29.137500000000003,0.0,0.0,4.0346385688269456e-15
29.2125,0.0,0.0,0.0
29.2875,0.0,0.0,2.0018430282818417e-15
29.362499999999997,0.0,0.0,2.0018430282818417e-15
29.4375,,0.0,0.0
29.512500000000003,,0.0,0.0
29.5875,,0.0,0.0
29.6625,,0.0,0.0
29.737499999999997,,0.0,1.0350858441028472e-14
29.8125,0.0,0.0,5.680091007269931e-15
29.887500000000003,0.0,0.0,3.4446983222183242e-15
29.9625,0.0,0.0,2.198342919419035e-15
30.0375,0.0,0.0,3.4244120309592525e-15
30.112499999999997,0.0,0.0,6.0846020138962826e-15
30.1875,0.0,0.0,6.0846020138962826e-15
30.262500000000003,0.0,0.0,0.0
30.3375,0.0,0.0,0.0
30.4125,0.0,0.0,0.0
30.487499999999997,0.0,0.0,0.0
30.5625,0.0,0.0,0.0
30.637500000000003,0.0,0.0,0.0
30.7125,0.0,0.0,0.0
30.7875,0.0,0.0,0.0
30.862499999999997,0.0,0.0,1.0923958449527647e-14
30.9375,0.0,0.0,7.844227056000776e-15
31.012500000000003,0.0,0.0,2.8434011443057064e-15
31.0875,0.0,0.0,4.714647401934221e-15
31.1625,0.0,0.0,4.480589313277219e-15
31.237499999999997,0.0,0.0,4.703883378781672e-16
31.3125,0.0,0.0,2.106620626394095e-15
31.387500000000003,0.0,0.0,2.096566228331194e-15
31.4625,0.0,0.0,3.271369004251657e-15
31.5375,0.0,0.0,9.318178504736321e-16
31.612499999999997,0.0,0.0,7.187366399674511e-15
31.6875,0.0,0.0,7.187366399674511e-15
31.762500000000003,0.0,0.0,0.0
31.8375,0.0,0.0,6.906423203074683e-16
31.9125,0.0,0.0,6.906423203074683e-16
31.987499999999997,0.0,0.0,6.874077935912294e-15
32.0625,0.0,0.0,6.874077935912294e-15
32.1375,0.0,0.0,0.0
32.2125,0.0,0.0,0.0
32.2875,0.0,0.0,5.675239857565305e-15
32.3625,0.0,0.0,2.504461593109368e-15
32.4375,0.0,0.0,1.122483695137127e-15
32.5125,0.0,0.0,1.1938458331317835e-14
32.5875,0.0,0.0,1.62317202909109e-14
32.6625,0.0,0.0,0.0
32.7375,,0.0,7.164578064631371e-15
32.8125,,0.0,5.600904464126722e-15
32.8875,,0.0,1.5636736005046489e-15
32.9625,,0.0,0.0
33.0375,,0.0,7.099599494891766e-15
33.1125,,0.0,2.893748457717425e-15
33.1875,,0.0,4.2058510371743406e-15
33.2625,,0.0,0.0
33.3375,,0.0,1.9788156316548906e-15
33.4125,,0.0,1.9788156316548906e-15
33.4875,,0.0,3.5021559099760502e-15
33.5625,,0.0,3.5021559099760502e-15
33.6375,,0.0,0.0
33.7125,,0.0,4.565938601632486e-15
33.7875,,0.0,4.565938601632486e-15
33.8625,,0.0,2.1646367539669506e-15
33.9375,,0.0,2.1646367539669506e-15
34.0125,,0.0,0.0
34.0875,,0.0,4.730804572465968e-15
34.1625,,0.0,4.730804572465968e-15
34.2375,,0.0,3.853720380205943e-15
34.3125,,0.0,3.426464058751052e-15
34.3875,,0.0,4.272563214548909e-16
34.4625,,0.0,0.0
34.5375,,0.0,0.0
34.6125,,0.0,0.0
34.6875,,0.0,0.0
34.7625,,0.0,0.0
34.8375,,2.664535259100376e-15,2.08684633672443e-16
34.9125,,,
34.9875,,,
35.0625,,,
35.1375,,,
35.2125,,,
35.2875,,,
35.3625,,,
35.4375,,,
35.5125,,,
35.5875,,0.0,2.89797802446336e-15
35.6625,,0.0,2.89797802446336e-15
35.7375,,0.0,0.0
35.8125,,0.0,0.0
35.8875,,2.8421709430404014e-14,0.0
35.9625,,,
36.0375,,,
36.1125,,6.394884621840903e-14,1.1641230475710788e-15
36.1875,,,
36.2625,,,
36.3375,,,
36.4125,,,
36.4875,,,
36.5625,,,
36.6375,,,
36.7125,,,
36.7875,,,
36.8625,,,
36.9375,,1.6930901125533637e-15,1.8607328583270637e-16
37.0125,,,
37.0875,,,
37.1625,,,
37.2375,,,
37.3125,,,
37.3875,,,
37.4625,,,
37.5375,,,
37.6125,,,
37.6875,,,
37.7625,,,
37.8375,,,
37.9125,,,
37.9875,,,
38.0625,,,
38.1375,,,
38.2125,,,
38.2875,,,
38.3625,,,
38.4375,,,
38.5125,,,
38.5875,,,
38.6625,,,
38.7375,,,
38.8125,,,
38.8875,,,
38.9625,,,
39.0375,,,
39.1125,,,
39.1875,,,
39.2625,,,
39.3375,,,
39.4125,,,
39.4875,,,
39.5625,,,
39.6375,,,
39.7125,,,
39.7875,,,
39.8625,,,
39.9375,,,
40.0125,,,
40.0875,,,
40.1625,,,
40.2375,,,
40.3125,,,
40.3875,,,
40.4625,,,
40.5375,,,
40.6125,,,
40.6875,,,
40.7625,,,
40.8375,,6.039613253960853e-14,1.8810130903157411e-16
40.9125,,,
40.9875,,,
41.0625,,,
41.1375,,,
41.2125,,,
41.2875,,5.684341886080803e-14,3.653251889493501e-16
41.3625,,0.0,3.653251889493501e-16
41.4375,0.0,0.0,0.0
41.5125,0.0,0.0,1.0672214397370312e-15
41.5875,0.0,0.0,8.738483839868954e-16
41.6625,0.0,0.0,1.9410698237239266e-15
41.7375,0.0,0.0,0.0
41.8125,0.0,0.0,7.364535768188386e-15
41.8875,0.0,0.0,7.364535768188386e-15
41.9625,0.0,0.0,0.0
42.0375,0.0,0.0,0.0
42.1125,0.0,0.0,0.0
42.1875,0.0,0.0,0.0
42.2625,,0.0,0.0
42.3375,,0.0,0.0
42.4125,,7.105427357601003e-14,2.5781886963940853e-15
42.4875,,,
42.5625,,,
42.6375,,,
42.7125,,5.684341886080803e-14,8.487627429796812e-16
42.7875,,8.526512829121202e-14,1.6246991333100193e-16
42.8625,,,
42.9375,,,
43.0125,,,
43.0875,,,
43.1625,,9.015010959956272e-14,2.022791998607572e-15
43.2375,,,
43.3125,,,
43.3875,,,
43.4625,,,
43.5375,,,
43.6125,,,
43.6875,,,
43.7625,,,
43.8375,,,
43.9125,,,
43.9875,,,
44.0625,,,
44.1375,,5.684341886080803e-14,4.70150762912532e-15
44.2125,,8.526512829121202e-14,0.0
44.2875,,,
44.3625,,,
44.4375,,,
44.5125,,,
44.5875,,5.684341886080803e-14,0.0
44.6625,,0.0,3.4615817794598545e-15
44.7375,,0.0,3.4615817794598545e-15
44.8125,,0.0,0.0
44.8875,,0.0,0.0
44.9625,,0.0,0.0
45.0375,,0.0,0.0
45.1125,,0.0,0.0
45.1875,,0.0,1.4603513351395853e-15
45.2625,,0.0,8.421199018437622e-15
45.3375,,0.0,9.881550353577208e-15
45.4125,,0.0,7.427069234100965e-15
45.4875,,0.0,3.101490151926634e-16
45.5625,,0.0,7.737218249293628e-15
45.6375,,0.0,2.0886151938367746e-15
45.7125,,0.0,1.9282158548828967e-15
45.7875,,0.0,6.402848246162511e-16
45.8625,,0.0,5.114697654548222e-15
45.9375,,0.0,1.446178913949931e-15
46.0125,,0.0,4.46920290416842e-15
46.0875,,0.0,1.0818483385733944e-14
46.1625,,0.0,9.07127545116751e-15
46.2375,,0.0,1.3793599048814483e-14
46.3125,,0.0,1.5540806983380918e-14
46.3875,,0.0,5.532356003546267e-15
46.4625,,0.0,5.3745436240507275e-15
46.5375,,0.0,1.5781237949553936e-16
46.6125,,0.0,7.550638498229501e-15
46.6875,,0.0,7.550638498229501e-15
46.7625,,0.0,4.8608251202074135e-15
46.8375,,0.0,3.608425591962949e-15
46.9125,,0.0,1.2523995282444645e-15
46.9875,,0.0,5.773872308219274e-15
47.0625,,0.0,5.773872308219274e-15
47.1375,,0.0,0.0
47.2125,,0.0,0.0
47.2875,,0.0,0.0
47.3625,,0.0,0.0
47.4375,,0.0,3.0914303905075827e-16
47.5125,,0.0,7.252915593620726e-15
47.5875,,0.0,7.562058632671484e-15
47.6625,,0.0,1.1076655846275287e-14
47.7375,,0.0,1.1076655846275287e-14
47.8125,,0.0,0.0
47.8875,0.0,0.0,8.872547776151965e-15
47.9625,,0.0,8.414483314711882e-15
48.0375,,0.0,1.5231681612905056e-15
48.1125,,0.0,2.278071965684873e-15
48.1875,,8.526512829121202e-14,2.5732560600907863e-15
48.2625,,,
48.3375,,,
48.4125,,,
48.4875,,,
48.5625,,5.684341886080803e-14,0.0
48.6375,,0.0,2.1138807007764484e-15
48.7125,,0.0,6.3260282256086254e-15
48.7875,,0.0,2.4225108318288153e-15
48.8625,,0.0,1.2123308800745012e-15
48.9375,,0.0,4.805067214481757e-15
49.0125,0.0,0.0,0.0
49.0875,0.0,0.0,0.0
49.1625,0.0,0.0,7.45761652939259e-16
49.2375,0.0,0.0,5.5091017921980465e-15
49.3125,0.0,0.0,6.254863445137305e-15
49.3875,0.0,0.0,8.017561759721586e-15
49.4625,0.0,0.0,7.128071264186706e-15
49.5375,0.0,0.0,3.2551856069104077e-15
49.6125,0.0,0.0,1.6320666739554372e-15
49.6875,0.0,0.0,2.512609428489851e-15
49.7625,0.0,0.0,0.0
49.8375,0.0,0.0,8.092359737284242e-15
49.9125,0.0,0.0,7.210882330880374e-15
49.9875,0.0,0.0,2.1990682665599393e-15
50.0625,0.0,0.0,3.0805456729638075e-15
50.1375,0.0,0.0,7.897722823338774e-15
50.2125,0.0,0.0,3.5166474523127032e-15
50.2875,0.0,0.0,3.5061660773295893e-15
50.3625,0.0,0.0,8.297968397882001e-15
50.4375,0.0,0.0,9.172877691578484e-15
50.5125,0.0,0.0,0.0
50.5875,0.0,0.0,7.102753015707446e-15
50.6625,0.0,0.0,7.102753015707446e-15
50.7375,0.0,0.0,8.382504270629555e-15
50.8125,0.0,0.0,4.053120892656415e-15
50.8875,0.0,0.0,4.3293833779731406e-15
50.9625,0.0,0.0,6.9066406595616864e-15
51.0375,0.0,0.0,1.7342662909584908e-15
51.1125,0.0,0.0,0.15139593167847265
51.1875,0.0,0.0,0.1180730836314069
51.2625,0.0,0.0,0.09114239984388617
51.3375,0.0,0.0,0.06863186259044163
51.4125,0.0,0.0,0.08960047767037049
51.4875,,0.0,0.0380220242954199
51.5625,,0.9380610668706169,0.0251450387260006
51.6375,,,
51.7125,,,
51.7875,,0.9380610668705742,0.020279560001793706
51.8625,,5.684341886080803e-14,0.021544458173480108
51.9375,,1.8207657603852574e-14,0.02452629305702439
52.0125,,,
52.0875,,,
52.1625,,,
52.2375,,,
52.3125,,,
52.3875,,,
52.4625,,,
52.5375,,,
52.6125,,,
52.6875,,,
52.7625,,,
52.8375,,0.0,0.0374340764185697
52.9125,,2.8421709430404014e-14,0.050175558304674
52.9875,,5.684341886080803e-14,0.071981560492171
53.0625,0.0,5.684341886080803e-14,7.622119152659973e-15
53.1375,0.0,5.684341886080803e-14,7.622119152659973e-15
53.2125,0.0,2.8421709430404014e-14,0.0
53.2875,0.0,2.8421709430404014e-14,2.889914393526524e-15
53.3625,0.0,5.684341886080803e-14,2.194688461635352e-15
53.4375,0.0,5.684341886080803e-14,5.084602855161876e-15
53.5125,0.0,5.684341886080803e-14,0.0
53.5875,0.0,2.8421709430404014e-14,0.0
53.6625,0.0,2.8421709430404014e-14,8.175989864543821e-16
53.7375,0.0,5.684341886080803e-14,8.175989864543821e-16
53.8125,0.0,5.684341886080803e-14,2.439125693132252e-15
53.8875,0.0,5.684341886080803e-14,2.439125693132252e-15
53.9625,,2.8421709430404014e-14,0.0
54.0375,,4.218847493575595e-15,0.0
54.1125,,,
54.1875,,,
54.2625,,,
54.3375,,,
54.4125,,,
54.4875,,,
54.5625,,,
54.6375,,,
54.7125,,,
54.7875,,,
54.8625,,,
54.9375,,,
55.0125,,,
55.0875,,,
55.1625,,,
55.2375,,,
55.3125,0.0,2.8421709430404014e-14,2.0102888475269506e-15
55.3875,0.0,5.684341886080803e-14,3.8654264714584816e-15
55.4625,0.0,2.8421709430404014e-14,3.8654264714584816e-15
55.5375,0.0,2.8421709430404014e-14,1.193145216451423e-15
55.6125,0.0,5.684341886080803e-14,1.193145216451423e-15
55.6875,0.0,5.684341886080803e-14,2.1097984776276665e-15
55.7625,0.0,5.684341886080803e-14,2.1097984776276665e-15
55.8375,0.0,2.8421709430404014e-14,0.0
55.9125,0.0,2.8421709430404014e-14,0.0
55.9875,0.0,5.684341886080803e-14,0.0
56.0625,0.0,5.684341886080803e-14,0.0
56.1375,0.0,5.684341886080803e-14,0.0
56.2125,0.0,2.8421709430404014e-14,0.0
56.2875,0.0,2.8421709430404014e-14,0.0
56.3625,0.0,5.684341886080803e-14,3.375372529778004e-15
56.4375,0.0,5.684341886080803e-14,3.2457799612742e-15
56.5125,,6.927791673660977e-14,1.2959256850380391e-16
56.5875,,,
56.6625,,,
56.7375,,,
56.8125,,,
56.8875,,,
56.9625,,,
57.0375,,1.4210854715202004e-13,3.8208533367090113e-16
57.1125,,5.684341886080803e-14,3.8208533367090113e-16
57.1875,,5.684341886080803e-14,0.0
57.2625,0.0,5.684341886080803e-14,1.2451674284325066e-16
57.3375,0.0,2.8421709430404014e-14,1.2451674284325066e-16
57.4125,0.0,9.922618282587337e-15,0.0
57.4875,,,
57.5625,,,
57.6375,,,
57.7125,,,
57.7875,,,
57.8625,,,
57.9375,,,
58.0125,,,
58.0875,,,
58.1625,,,
58.2375,,,
58.3125,,,
58.3875,,,
58.4625,,,
58.5375,,,
58.6125,,,
58.6875,,,
58.7625,,,
58.8375,,,
58.9125,,,
58.9875,,,
59.0625,,,
59.1375,,,
59.2125,,,
59.2875,,,
59.3625,,,
59.4375,,,
59.5125,,,
59.5875,,,
59.6625,,,
59.7375,,,
59.8125,,,
59.8875,,,
59.9625,,,
60.0375,0.0,,
60.1125,0.0,,
60.1875,,,
60.2625,,,
60.3375,,,
60.4125,,,
60.4875,,,
60.5625,,,
60.6375,,,
60.7125,,,
60.7875,,,
60.8625,,,
60.9375,,,
61.0125,,,
61.0875,,,
61.1625,,,
61.2375,,,
61.3125,,,
61.3875,,,
61.4625,,,
61.5375,,,
61.6125,,,
61.6875,,,
61.7625,,,
61.8375,,,
61.9125,,,
61.9875,,,
62.0625,,,
62.1375,,,
62.2125,,,
62.2875,,,
62.3625,,,
62.4375,,,
62.5125,,2.8421709430404014e-14,2.4368895281769925e-16
62.5875,0.0,2.8421709430404014e-14,0.0
62.6625,0.0,2.8421709430404014e-14,0.0
62.7375,0.0,5.684341886080803e-14,0.0
62.8125,0.0,5.684341886080803e-14,2.2407899136219786e-15
62.8875,0.0,5.684341886080803e-14,4.545465416749001e-16
62.9625,0.0,2.8421709430404014e-14,2.6953364552968787e-15
63.0375,0.0,2.8421709430404014e-14,0.2477514155266872
63.1125,0.0,5.684341886080803e-14,0.20262648529180308
63.1875,0.0,5.684341886080803e-14,0.16390916218479124
63.2625,,1.4210854715201997e-14,0.12973834724227296
63.3375,,,
63.4125,,,
63.4875,,2.8421709430404014e-14,0.06944250150089348
63.5625,,5.236952335099346,0.04100211022550182
63.6375,,5.684341886080802e-14,0.01225088034018973
63.7125,,5.236952335099261,0.01798784319971658
63.7875,,2.8421709430404014e-14,0.05111619039357074
63.8625,,5.684341886080803e-14,0.08894814539278106
63.9375,,5.684341886080803e-14,0.13400158325795453
64.0125,,5.684341886080803e-14,0.18703401196783848
64.0875,,2.8421709430404014e-14,0.2244408143613601
64.1625,,0.0,0.2618476167549247
64.23750000000001,,2.8421709430404014e-14,1.2444672136336498e-14
64.3125,0.0,5.684341886080803e-14,1.2444672136336498e-14
64.38749999999999,0.0,2.8421709430404014e-14,0.0
64.4625,,0.0,0.0
64.5375,,0.0,0.0
64.61250000000001,,2.8421709430404014e-14,3.1782540760639178e-15
64.6875,,5.684341886080803e-14,3.1782540760639178e-15
64.76249999999999,0.0,2.8421709430404014e-14,1.0305415869518248e-14
64.8375,0.0,0.0,7.36441518627962e-15
64.9125,0.0,0.0,2.9410006832386287e-15
64.98750000000001,0.0,2.8421709430404014e-14,4.175615840549397e-15
65.0625,0.0,5.684341886080803e-14,4.06289137183388e-15
65.13749999999999,0.0,2.8421709430404014e-14,1.127244687155175e-16
65.2125,0.0,0.0,0.0
65.2875,0.0,0.0,0.0
65.36250000000001,0.0,2.8421709430404014e-14,0.0
65.4375,0.0,5.684341886080803e-14,4.034839286151493e-15
65.51249999999999,0.0,2.8421709430404014e-14,4.524189500591706e-16
65.5875,0.0,0.0,3.5824203360923226e-15
65.6625,0.0,0.0,0.0
65.73750000000001,0.0,2.8421709430404014e-14,0.0
65.8125,0.0,5.684341886080803e-14,0.0
65.88749999999999,0.0,2.8421709430404014e-14,0.0
65.9625,0.0,0.0,0.0
66.0375,0.0,0.0,2.7765287840925792e-15
66.11250000000001,0.0,2.8421709430404014e-14,1.6671764369515636e-15
66.1875,0.0,5.684341886080803e-14,1.1093523471410156e-15
66.26249999999999,0.0,2.8421709430404014e-14,0.0
66.3375,,0.0,8.513057787734576e-15
66.4125,,0.0,8.513057787734576e-15
66.48750000000001,,2.8421709430404014e-14,0.0
66.5625,,5.684341886080803e-14,1.5425996616967537e-15
66.63749999999999,,2.8421709430404014e-14,1.5425996616967537e-15
66.7125,,0.0,0.0
66.7875,,0.0,0.0
66.86250000000001,,2.8421709430404014e-14,0.0
66.9375,,5.684341886080803e-14,0.0
67.01249999999999,,2.8421709430404014e-14,6.785664782830362e-15
67.0875,,0.0,6.785664782830362e-15
67.1625,,0.0,5.132489877812312e-15
67.23750000000001,0.0,2.8421709430404014e-14,1.4123205536337938e-15
67.3125,0.0,5.684341886080803e-14,2.622296995864201e-15
67.38749999999999,0.0,2.8421709430404014e-14,3.813675926133212e-15
67.4625,0.0,0.0,3.2602881723531277e-16
67.5375,0.0,0.0,4.3486632668400526e-16
67.61250000000001,0.0,2.8421709430404014e-14,0.0
67.6875,0.0,5.684341886080803e-14,0.0
67.76249999999999,0.0,2.8421709430404014e-14,1.948239825508416e-15
67.8375,0.0,0.0,2.1407920050278747e-16
67.9125,0.0,0.0,2.1623190260112035e-15
67.98750000000001,0.0,2.8421709430404014e-14,1.661314320747309e-14
68.0625,0.0,5.684341886080803e-14,6.05278589283528e-15
68.13749999999999,0.0,2.8421709430404014e-14,0.09435972312350144
68.2125,0.0,0.0,0.08087976267730011
68.2875,0.0,0.0,0.06739980223108288
68.36250000000001,0.0,2.8421709430404014e-14,0.053919841784859424
68.4375,0.0,5.684341886080803e-14,0.04043988133864446
68.51249999999999,0.0,2.8421709430404014e-14,0.026959920892425604
68.5875,0.0,1.8871944624702337,0.013479960446222294
68.6625,0.0,0.0,1.5432100042289676e-14
68.73750000000001,0.0,1.8871944624702905,0.013479960446215633
68.8125,0.0,1.1368683772161605e-13,0.02695992089243665
68.88749999999999,0.0,5.684341886080803e-14,0.04043988133864013
68.9625,0.1,0.0,0.05391984178487211
69.0375,0.0,0.0,0.06739980223108077
69.11250000000001,0.0,5.684341886080803e-14,0.08087976267730522
69.1875,0.0,1.1368683772161605e-13,0.09435972312350831
69.26249999999999,0.0,5.684341886080803e-14,3.3922419585156688e-15
69.3375,0.0,0.0,0.0
69.4125,0.0,0.0,0.0
69.48750000000001,0.0,5.684341886080803e-14,7.282960288341988e-15
69.5625,0.0,1.1368683772161605e-13,6.6503418152125684e-15
69.63749999999999,0.0,5.684341886080803e-14,6.326184731294198e-16
69.7125,0.0,0.0,0.0
69.7875,0.0,0.0,0.0
69.86250000000001,0.0,5.684341886080803e-14,0.0121618357487893
69.9375,0.0,1.1368683772161605e-13,0.010424430641822798
70.01249999999999,0.0,5.684341886080803e-14,0.008687025534854204
70.0875,0.0,0.0,0.006949620427875801
70.1625,0.0,0.0,0.0052122153209093955
70.23750000000001,0.0,5.684341886080803e-14,0.0034748102139416023
70.3125,0.0,0.24323671497586474,0.0612744421440045
70.38749999999999,0.09999999999999998,2.8504976157250894e-14,0.051031746031765385
70.4625,0.0,0.2432367149757794,0.04078904991948212
70.5375,0.0,0.0,0.03054635380721049
70.61250000000001,0.0,2.8421709430404014e-14,0.020303657694984684
70.6875,0.0,5.684341886080803e-14,0.010060961582704309
70.76249999999999,0.0,1.1907407407407504,0.00018173452955722036
70.8375,0.0,0.0,0.010424430641827576
70.9125,0.0,1.1907407407407788,0.02066712675407889
70.98750000000001,0.0,1.1368683772161605e-13,0.14150793650794147
71.0625,0.0,2.273736754432321e-13,0.1870238095238017
71.13749999999999,0.0,1.1368683772161605e-13,0.14492063492060037
71.2125,0.0,0.0,0.10281746031745531
71.2875,0.0,0.0,0.06071428571432902
71.36250000000001,0.0,1.1368683772161605e-13,0.24361111111113687
71.4375,0.0,3.170370370370108,0.2374074074072754
71.51249999999999,0.0,1.5333333333334735,0.17166666666670327
71.5875,0.0,3.170370370370165,0.10592592592592331
71.6625,0.0,1.533333333333303,0.04018518518531433
71.73750000000001,0.0,5.684341886080803e-14,0.025555555555589082
71.8125,0.0,4.499999999999545,0.09129629629627933
71.88749999999999,0.0,3.979039320256561e-13,0.15703703703710592
71.9625,0.10000000000000003,4.499999999999886,0.22277777777776886
72.0375,0.0,0.0,0.28851851851851573
72.11250000000001,0.0,5.684341886080803e-14,0.1730952380952374
72.1875,0.0,1.1368683772161605e-13,0.12857142857142934
72.26249999999999,0.0,5.684341886080803e-14,0.1607142857142882
72.3375,0.0,0.0,0.1928571428571577
72.4125,0.0,0.0,0.22499999999998727
72.48750000000001,0.0,5.684341886080803e-14,3.139955736234421e-15
72.5625,0.0,1.1368683772161605e-13,0.0
72.63749999999999,0.0,5.684341886080803e-14,0.0
72.7125,0.0,0.0,3.3287501562807148e-15
72.7875,0.0,0.0,8.095667796238672e-16
72.86250000000001,0.0,5.684341886080803e-14,2.5191833766568475e-15
72.9375,0.0,1.1368683772161605e-13,2.312884877206193e-15
73.01249999999999,0.10000000000000003,5.684341886080803e-14,0.04041666666666799
73.0875,0.0,0.0,0.0346428571428496
73.1625,0.0,0.0,0.028869047619040605
73.23750000000001,0.0,5.684341886080803e-14,0.023095238095253004
73.3125,0.0,1.1368683772161605e-13,0.0890922619047542
73.38749999999999,0.0,5.684341886080803e-14,0.07306547619046577
73.4625,0.0,0.8083333333332803,0.0570386904761741
73.5375,0.0,0.0,0.0410119047619118
73.61250000000001,0.0,0.8083333333333371,0.02498511904762274
73.6875,0.0,1.1368683772161605e-13,0.008958333333310586
73.76249999999999,0.0,1.4354166666664696,0.007068452380956991
73.8375,0.0,0.0,0.023095238095221515
73.9125,0.0,1.4354166666665265,0.03912202380950497
73.98750000000001,0.0,5.684341886080803e-14,0.05514880952380963
74.0625,0.0,1.1368683772161605e-13,0.0711755952380986
74.13749999999999,0.0,5.684341886080803e-14,0.0410119047619035
74.2125,0.0,0.0,0.0512648809523788
74.2875,0.0,0.0,0.0615178571428521
74.36250000000001,0.0,5.684341886080803e-14,0.0717708333333259
74.4375,0.0,1.1368683772161605e-13,3.0538856417218455e-15
74.51249999999999,0.0,5.684341886080803e-14,3.744325017187344e-15
74.5875,0.0,0.0,0.0
74.6625,0.0,0.0,5.9925230442527665e-15
74.73750000000001,0.0,5.684341886080803e-14,2.2632201115651818e-15
74.8125,0.0,1.1368683772161605e-13,3.729302932687585e-15
74.88749999999999,0.0,5.684341886080803e-14,0.0
74.9625,0.0,0.0,0.0
75.0375,0.0,0.0,2.4436848035782224e-15
75.11250000000001,0.0,5.684341886080803e-14,2.4436848035782224e-15
75.1875,0.0,1.1368683772161605e-13,0.0
75.26249999999999,0.0,5.684341886080803e-14,1.0330264309965236e-14
75.3375,0.0,0.0,3.612537814923592e-15
75.4125,0.0,0.0,4.5779717548939276e-15
75.48750000000001,0.0,5.684341886080803e-14,1.1657674606040611e-14
75.5625,0.0,1.1368683772161605e-13,1.3797429346188327e-14
75.63749999999999,0.0,5.684341886080803e-14,0.0
75.7125,0.0,0.0,0.2567013888889056
75.7875,0.0,0.0,0.22002976190475448
75.86250000000001,0.0,5.684341886080803e-14,0.1833581349206838
75.9375,0.0,1.1368683772161605e-13,0.14668650793641114
76.01249999999999,0.0,5.684341886080803e-14,0.11001488095245382
76.0875,0.0,0.0,0.07334325396820995
76.1625,0.0,5.134027777777646,0.03667162698412718
76.23750000000001,0.0,5.115907697472721e-13,2.708944180085382e-14
76.3125,0.0,5.134027777777078,0.03667162698413162
76.38749999999999,0.0,5.684341886080803e-14,0.0733432539682205
76.4625,0.0,0.0,0.11001488095241141
76.5375,0.0,0.0,0.1466865079364993
76.61250000000001,0.0,5.684341886080803e-14,0.18335813492066244
76.6875,0.0,1.1368683772161605e-13,0.2200297619047462
76.76249999999999,0.0,5.684341886080803e-14,0.2567013888889016
76.8375,0.0,0.0,0.0
76.9125,0.0,0.0,0.0
76.98750000000001,0.0,5.684341886080803e-14,5.24000504414491e-15
77.0625,0.0,1.1368683772161605e-13,5.24000504414491e-15
77.13749999999999,0.0,5.684341886080803e-14,0.0
77.2125,0.0,0.0,0.0
77.2875,0.0,0.0,5.88399795513316e-15
77.36250000000001,0.0,5.684341886080803e-14,5.88399795513316e-15
77.4375,0.0,1.1368683772161605e-13,0.0
77.51249999999999,0.0,5.684341886080803e-14,1.3626410383323984e-14
77.5875,0.0,0.0,1.3626410383323984e-14
77.6625,0.0,0.0,0.0
77.73750000000001,0.0,5.684341886080803e-14,0.0821296296296216
77.8125,0.0,1.1368683772161605e-13,0.0703968253968331
77.88749999999999,0.0,5.684341886080803e-14,0.05866402116401889
77.9625,0.0,0.0,0.0469312169312226
78.0375,0.0,0.0,0.035198412698399684
78.11250000000001,0.0,5.684341886080803e-14,0.023465608465625398
78.1875,0.0,1.6425925925924503,0.011732804232779115
78.26249999999999,0.0,1.1368683772161603e-13,2.958744360626042e-14
78.3375,0.0,1.6425925925925071,0.011732804232829297
78.4125,0.0,0.0,0.023465608465601695
78.48750000000001,0.0,0.0,0.03519841269841889
78.5625,0.0,0.0,0.046931216931208886
78.63749999999999,0.0,0.0,0.05866402116401462
78.7125,0.0,0.0,0.07039682539683229
78.7875,0.0,0.0,0.08212962962961434
78.86250000000001,0.0,0.0,6.241056430602552e-15
78.9375,0.0,0.0,3.720350789324739e-15
79.01249999999999,0.0,0.0,2.784968564168957e-15
79.0875,0.0,0.0,0.086545584045581
79.1625,0.0,0.0,0.0741819291819289
79.23750000000001,0.0,0.0,0.06181827431827941
79.3125,0.0,0.0,0.049454619454614906
79.38749999999999,0.0,0.0,0.03709096459097899
79.4625,0.0,0.0,0.024727309727314184
79.5375,0.0,1.7309116809116745,0.012363654863642715
79.61250000000001,0.0,2.2737367544323206e-13,2.842170943040401e-14
79.6875,0.0,1.7309116809113902,0.012363654863687845
79.76249999999999,0.0,5.684341886080803e-14,0.02472730972730186
79.8375,0.0,0.0,0.03709096459097272
79.9125,0.0,0.0,0.04945461945461768
79.98750000000001,0.10000000000000003,5.684341886080803e-14,0.06181827431827622
80.0625,0.0,1.1368683772161605e-13,0.0741819291819167
80.13749999999999,0.0,5.684341886080803e-14,0.0865455840455983
80.2125,0.0,0.0,7.498421280022162e-15
80.2875,0.0,0.0,7.84985397910024e-15
80.36250000000001,0.0,5.684341886080803e-14,1.3157709820430937e-14
80.4375,0.0,1.1368683772161605e-13,2.1905654386914648e-15
80.51249999999999,0.0,5.684341886080803e-14,0.0
80.5875,0.0,0.0,7.0084512308659266e-15
80.6625,0.0,0.0,3.4620151489018345e-15
80.73750000000001,0.0,5.684341886080803e-14,3.546436081964092e-15
80.8125,0.0,1.1368683772161605e-13,6.9889475059174e-15
80.88749999999999,0.0,5.684341886080803e-14,6.9889475059174e-15
80.9625,0.0,0.0,4.0768861662772366e-15
81.0375,0.0,0.0,4.0768861662772366e-15
81.11250000000001,0.0,5.684341886080803e-14,0.0
81.1875,0.0,1.1368683772161605e-13,0.0
81.26249999999999,0.0,5.684341886080803e-14,1.435184366008506e-14
81.3375,0.0,0.0,1.435184366008506e-14
81.4125,0.0,0.0,3.063295953046628e-15
81.48750000000001,0.0,5.684341886080803e-14,3.063295953046628e-15
81.5625,0.0,1.1368683772161605e-13,5.575742028164391e-15
81.63749999999999,0.0,5.684341886080803e-14,5.575742028164391e-15
81.7125,0.0,0.0,0.0
81.7875,0.0,0.0,0.0
81.86250000000001,0.0,5.684341886080803e-14,4.480095471764395e-16
81.9375,0.0,1.1368683772161605e-13,4.480095471764395e-16
82.01249999999999,0.0,5.684341886080803e-14,0.1753525641025664
82.0875,0.0,0.0,0.15030219780216952
82.1625,0.0,0.0,0.1252518315018324
82.23750000000001,0.0,5.684341886080803e-14,0.10020146520146428
82.3125,0.0,1.1368683772161605e-13,0.3576788766788285
82.38749999999999,0.0,5.684341886080803e-14,0.2922673992674839
82.4625,0.0,3.5070512820510658,0.22685592185596581
82.5375,0.10000000000000003,0.0,0.16144444444441608
82.61250000000001,0.0,3.5070512820510658,0.09603296703294006
82.6875,0.0,0.0,0.030621489621518894
82.76249999999999,0.0,5.6505555555554565,0.03478998778996223
82.8375,0.0,0.0,0.10020146520148598
82.9125,0.0,5.6505555555554565,0.16561294261295867
82.98750000000001,0.0,1.1368683772161605e-13,0.23102442002442736
83.0625,0.0,2.273736754432321e-13,0.29643589743587195
83.13749999999999,0.0,1.1368683772161605e-13,0.1614444444444595
83.2125,0.0,0.0,0.2018055555555428
83.2875,0.0,0.0,0.24216666666672282
83.36250000000001,0.0,1.1368683772161605e-13,0.2825277777777533
83.4375,0.0,2.273736754432321e-13,0.049972222222206965
83.51249999999999,0.09999999999999998,1.1368683772161605e-13,0.042833333333337796
83.5875,0.0,0.0,0.0356944444444562
83.6625,0.0,0.0,0.028555555555546702
83.73750000000001,0.0,1.1368683772161605e-13,0.19766666666667088
83.8125,0.0,2.273736754432321e-13,0.505539682539659
83.88749999999999,0.0,0.9994444444441797,0.424623582766537
83.9625,0.0,0.0,0.3437074829931428
84.0375,0.0,0.9994444444442934,0.2627913832199207
84.11250000000001,0.0,5.684341886080803e-14,0.1818752834467836
84.1875,0.0,3.5249999999996366,0.10095918367347423
84.26249999999999,0.1,6.803809523809605,0.020043083900204373
84.3375,0.0,3.5249999999998636,0.06087301587290428
84.4125,0.0,6.803809523809321,0.14178911564627317
84.48750000000001,0.0,5.684341886080803e-14,0.22270521541962784
84.5625,0.0,1.1368683772161605e-13,0.2465102040815943
84.63749999999999,0.0,5.684341886080803e-14,0.32028741496602686
84.7125,0.0,0.0,0.39406462585038493
84.7875,0.0,0.0,0.4678418367347084
84.86250000000001,0.0,5.684341886080803e-14,0.3401904761904067
84.9375,0.0,1.1368683772161605e-13,1.426244286409482e-14
85.01249999999999,0.0,5.684341886080803e-14,6.045166607955042e-16
85.0875,0.0,0.0,0.0
85.1625,0.1,0.0,7.837963237963023e-15
85.23750000000001,0.0,5.684341886080803e-14,7.837963237963023e-15
85.3125,0.0,1.1368683772161605e-13,0.0
85.38749999999999,0.0,5.684341886080803e-14,5.326085613756291e-15
85.4625,0.0,0.0,5.326085613756291e-15
85.5375,0.0,0.0,4.8022257406954905e-15
85.61250000000001,0.0,5.684341886080803e-14,4.459509976441202e-15
85.6875,0.0,1.1368683772161605e-13,3.427157642542884e-16
85.76249999999999,0.0,5.684341886080803e-14,0.0
85.8375,0.0,0.0,0.0
85.9125,0.0,0.0,0.0
85.98750000000001,0.0,5.684341886080803e-14,0.0
86.0625,0.0,1.1368683772161605e-13,2.471703294296596e-15
86.13749999999999,,5.684341886080803e-14,2.21624730058e-15
86.2125,,0.0,2.5545599371659603e-16
86.2875,,0.0,8.412947758768189e-15
86.36250000000001,,5.684341886080803e-14,8.412947758768189e-15
86.4375,,1.1368683772161605e-13,0.702530748762936
86.51249999999999,,5.684341886080803e-14,0.43673708056703253
86.5875,0.0,2.8421709430404014e-14,0.2945450272247514
86.6625,,,
86.73750000000001,,,
86.8125,,2.8421709430404014e-14,0.10464306249543731
86.88749999999999,,,
86.9625,,,
87.0375,,,
87.11250000000001,,,
87.1875,,2.5458563074348106,0.049037740651890094
87.26249999999999,,,
87.3375,,,
87.4125,,,
87.48750000000001,,2.545856307435202,0.018122485903897506
87.5625,,6.394884621840903e-14,0.01696285798934169
87.63749999999999,,,
87.7125,,,
87.7875,,,
87.86250000000001,,5.918876500032866e-15,0.021595624993826196
87.9375,,,
88.01249999999999,,,
88.0875,,,
88.1625,,,
88.23750000000001,,,
88.3125,,,
88.38749999999999,,,
88.4625,,,
88.5375,,,
88.61250000000001,,,
88.6875,,,
88.76249999999999,,,
88.8375,,,
88.9125,,,
88.98750000000001,,,
89.0625,,,
89.13749999999999,,,
89.2125,,,
89.2875,,,
89.36250000000001,,,
89.4375,,,
89.51249999999999,,,
89.5875,,,
89.6625,,,
89.73750000000001,,,
89.8125,,,
89.88749999999999,,,
89.9625,,,
90.0375,,,
90.11250000000001,,,
90.1875,,,
90.26249999999999,,,
90.3375,,,
90.4125,,,
90.48750000000001,,,
90.5625,,,
90.63749999999999,,,
90.7125,,,
90.7875,,,
90.86250000000001,,,
90.9375,,,
91.01249999999999,,,
91.0875,,,
91.1625,,,
91.23750000000001,,,
91.3125,,,
91.38749999999999,,,
91.4625,,,
91.5375,,,
91.61250000000001,,,
91.6875,,,
91.76249999999999,,,
91.8375,,,
91.9125,,,
91.98750000000001,,,
92.0625,,,
92.13749999999999,0.0,,
92.2125,0.0,,
92.2875,,,
92.36250000000001,,,
92.4375,,,
92.51249999999999,,,
92.5875,,,
92.6625,,,
92.73750000000001,,,
92.8125,,,
92.88749999999999,,,
92.9625,,,
93.0375,,,
93.11250000000001,,,
93.1875,,,
93.26249999999999,,,
93.3375,,,
93.4125,,,
93.48750000000001,,,
93.5625,,,
93.63749999999999,,,
93.7125,,,
93.7875,,,
93.86250000000001,,,
93.9375,,,
94.01249999999999,,,
94.0875,,,
94.1625,,,
94.23750000000001,,,
94.3125,,,
94.38749999999999,,,
94.4625,,,
94.5375,,,
94.61250000000001,,,
94.6875,,,
94.76249999999999,,,
94.8375,,,
94.9125,,,
94.98750000000001,,,
95.0625,,,
95.13749999999999,,,
95.2125,,,
95.2875,,,
95.36250000000001,,,
95.4375,,,
95.51249999999999,,,
95.5875,,,
95.6625,,,
95.73750000000001,,1.0658141036401505e-13,0.033616800115632596
95.8125,,,
95.88749999999999,0.0,,
95.9625,,,
96.0375,,,
96.11250000000001,,1.705302565824241e-13,4.673142059570004e-16
96.1875,,4.2632564145606024e-14,4.673142059570004e-16
96.26249999999999,,,
96.3375,,,
96.4125,,,
96.48750000000001,,,
96.5625,,,
96.63749999999999,,0.0,0.0
96.7125,,1.4210854715202004e-14,0.0171499377691011
96.7875,,,
96.86250000000001,,,
96.9375,,4.4408920985006274e-14,0.010138115831783298
97.01249999999999,,,
97.0875,,,
97.1625,,,
97.23750000000001,,,
97.3125,,,
97.38749999999999,,,
97.4625,,,
97.5375,,,
97.61250000000001,,,
97.6875,,,
97.76249999999999,,,
97.8375,,,
97.9125,,,
97.98750000000001,,,
98.0625,,1.4210854715202004e-14,0.007479990472358297
98.13749999999999,,,
98.2125,,,
98.2875,,,
98.36250000000001,,,
98.4375,,,
98.51249999999999,,0.608984582668711,0.005013380546315005
98.5875,,0.9134768740031518,0.006312496381708901
98.6625,,0.0,0.0075464996372685
98.73750000000001,,5.684341886080803e-14,0.015563723996177989
98.8125,,1.1368683772161605e-13,0.0074153719384101036
98.88749999999999,,5.684341886080803e-14,0.022543084894778298
98.9625,0.0,0.0,0.0400513796580563
99.0375,0.0,0.0,0.0456738437001442
99.11250000000001,,5.684341886080803e-14,0.0
99.1875,,1.1368683772161605e-13,1.4049752673146454e-15
99.26249999999999,,5.684341886080803e-14,3.988192209289993e-15
99.3375,0.0,0.0,2.7359326661692723e-15
99.4125,0.0,0.0,7.398575069241108e-16
99.48750000000001,,5.684341886080803e-14,1.917377303511255e-15
99.5625,,1.1368683772161605e-13,0.0
99.63749999999999,,1.2434497875801756e-13,0.3463023088023277
99.7125,,,
99.7875,,,
99.86250000000001,,,
99.9375,,,
100.01249999999999,,5.684341886080803e-14,0.24675346674880327
100.0875,,0.0,0.21313880057271806
100.1625,,0.0,0.18671310454597156
100.23750000000001,,5.684341886080803e-14,0.16595297970001988
100.3125,,9.696464646463369,0.1499865100330795
100.38749999999999,,9.07718344933528e-13,0.13860638992004737
100.4625,,9.69646464646422,0.13265139286335237
100.5375,,0.0,0.13852092352088508
100.61250000000001,,5.684341886080803e-14,0.2077813852814352
100.6875,,1.1368683772161605e-13,0.2770418470418332
100.76249999999999,,5.684341886080803e-14,0.3463023088022865
100.8375,,0.0,0.4155627705626986
100.9125,,0.0,0.484823232323307
100.98750000000001,,5.684341886080803e-14,0.0
101.0625,,1.1368683772161605e-13,0.0
101.13749999999999,,5.684341886080803e-14,6.237744420205647e-15
101.2125,,0.0,2.584507042253642
101.2875,,0.0,2.5125234553386866
101.36250000000001,,5.684341886080803e-14,
101.4375,,1.1368683772161605e-13,
101.51249999999999,,5.684341886080803e-14,
101.5875,,0.0,
101.6625,,1.456349206349305,
101.73750000000001,,,
101.8125,,,
101.88749999999999,,,
101.9625,,,
102.0375,,,
102.11250000000001,,,
102.1875,,,
102.26249999999999,,5.018650793650849,
102.3375,,,
102.4125,,,
102.48750000000001,,,
102.5625,,,
102.63749999999999,,,
102.7125,,,
102.7875,,,
102.86250000000001,,,
102.9375,,,
103.01249999999999,,,
103.0875,,,
103.1625,,,
103.23750000000001,,,
103.3125,,,
103.38749999999999,,,
103.4625,,,
103.5375,,,
103.61250000000001,,,
103.6875,,,
103.76249999999999,,,
103.8375,,,
103.9125,,,
103.98750000000001,,,
104.0625,,,
104.13749999999999,,,
104.2125,,,
104.2875,,,
104.36250000000001,,,
104.4375,,,
104.51249999999999,,,
104.5875,,,
104.6625,,,
104.73750000000001,,,
104.8125,,,
104.88749999999999,,,
104.9625,,,
105.0375,,,
105.11250000000001,,,
105.1875,,,
105.26249999999999,,,
105.3375,,,
105.4125,,,
105.48750000000001,,,
105.5625,,,
105.63749999999999,,,
105.7125,,,
105.7875,,,
105.86250000000001,,,
105.9375,,,
106.01249999999999,,,
106.0875,,,
106.1625,,,
106.23750000000001,,,
106.3125,,,
106.38749999999999,,,
106.4625,,,
106.5375,,,
106.61250000000001,,,
106.6875,,,
106.76249999999999,,,
106.8375,,,
106.9125,,,
106.98750000000001,,,
107.0625,,,
107.13749999999999,,,
107.2125,,,
107.2875,,,
107.36250000000001,,,
107.4375,,,
107.51249999999999,,,
107.5875,,,
107.6625,,,
107.73750000000001,,,
107.8125,,,
107.88749999999999,,,
107.9625,,,
108.0375,,,
108.11250000000001,,,
108.1875,,,
108.26249999999999,,,
108.3375,,,
108.4125,,,
108.48750000000001,,,
108.5625,,,
108.63749999999999,,,
108.7125,,,
108.7875,,,
108.86250000000001,,,
108.9375,,,
109.01249999999999,,,
109.0875,,,
109.1625,,,
109.23750000000001,,,
109.3125,,,
109.38749999999999,,,
109.4625,,,
109.5375,,,
109.61250000000001,,,
109.6875,,,
109.76249999999999,,,
109.8375,,,
109.9125,,,
109.98750000000001,,,
110.0625,,,
110.13749999999999,,,
110.2125,,,
110.2875,,,
110.36250000000001,,,
110.4375,,,
110.51249999999999,,,
110.5875,,,
110.6625,,,
110.73750000000001,,,
110.8125,,,
110.88749999999999,,,
110.9625,,,
111.0375,,,
111.11250000000001,,,
111.1875,,,
111.26249999999999,,,
111.3375,,,
111.4125,,,
111.48750000000001,,,
111.5625,,,
111.63749999999999,,,
111.7125,,,
111.7875,,,
111.86250000000001,,,
111.9375,,,
112.01249999999999,,,
112.0875,,,
112.1625,,,
112.23750000000001,,,
112.3125,,,
112.38749999999999,,,
112.4625,,,
112.5375,,,
112.61250000000001,,,
112.6875,,,
112.76249999999999,,,
112.8375,,,
112.9125,,,
112.98750000000001,,,
113.0625,,,
113.13749999999999,,,
113.2125,,,
113.2875,,,
113.36250000000001,,,
113.4375,,,
113.51249999999999,,,
113.5875,,,
113.6625,,,
113.73750000000001,,,
113.8125,,,
113.88749999999999,,,
113.9625,,,
114.0375,,,
114.11250000000001,,,
114.1875,,,
114.26249999999999,,,
114.3375,,,
114.4125,,,
114.48750000000001,,,
114.5625,,,
114.63749999999999,,,
114.7125,,,
114.7875,,,
114.86250000000001,,,
114.9375,,,
115.01249999999999,,,
115.0875,,,
115.1625,,,
115.23750000000001,,,
115.3125,,,
115.38749999999999,,,
115.4625,,,
115.5375,,,
115.61250000000001,,,
115.6875,,,
115.76249999999999,,,
115.8375,,,
115.9125,,,
115.98750000000001,,,
116.0625,,,
116.13749999999999,,,
116.2125,,,
116.2875,,,
116.36250000000001,,,
116.4375,,,
116.51249999999999,,,
116.5875,,,
116.6625,,,
116.73750000000001,,,
116.8125,,,
116.88749999999999,,,
116.9625,,,
117.0375,,,
117.11250000000001,,,
117.1875,,,
117.26249999999999,,,
117.3375,,,
117.4125,,,
117.48750000000001,,,
117.5625,,,
117.63749999999999,,,
117.7125,,,
117.7875,,,
117.86250000000001,,,
117.9375,,,
118.01249999999999,,,
118.0875,,,
118.1625,,,
118.23750000000001,,,
118.3125,,,
118.38749999999999,,,
118.4625,,,
118.5375,,,
118.61250000000001,,,
118.6875,,,
118.76249999999999,,,
118.8375,,,
118.9125,,,
118.98750000000001,,,
119.0625,,,
119.13749999999999,,,
119.2125,,,
119.2875,,,
119.36250000000001,,,
119.4375,,,
119.51249999999999,,,
119.5875,,,
119.6625,,,
119.73750000000001,,,
119.8125,,,
119.88749999999999,,,
119.9625,,,
120.0375,,,
120.11250000000001,,,
120.1875,,,
120.26249999999999,,,
120.3375,,,
120.4125,,,
120.48750000000001,,,
120.5625,,,
120.63749999999999,,,
120.7125,,,
120.7875,,,
120.86250000000001,,,
120.9375,,,
121.01249999999999,,,
121.0875,,,
121.1625,,,
121.23750000000001,,,
121.3125,,,
121.38749999999999,,,
121.4625,,,
121.5375,,,
121.61250000000001,,,
121.6875,,,
121.76249999999999,,,
121.8375,,,
121.9125,,,
121.98750000000001,,,
122.0625,,,
122.13749999999999,,,
122.2125,,,
122.2875,,,
122.36250000000001,,,
122.4375,,,
122.51249999999999,,,
122.5875,,,
122.6625,,,
122.73750000000001,,,
122.8125,,,
122.88749999999999,,,
122.9625,,,
123.0375,,,
123.11250000000001,,,
123.1875,,,
123.26249999999999,,,
123.3375,,,
123.4125,,,
123.48750000000001,,,
123.5625,,,
123.63749999999999,,,
123.7125,,,
123.7875,,,
123.86250000000001,,,
123.9375,,,
124.01249999999999,,,
124.0875,,,
124.1625,,,
124.23750000000001,,,
124.3125,,,
124.38749999999999,,,
124.4625,,,
124.5375,,,
124.61250000000001,,,
124.6875,,,
124.76249999999999,,,
124.8375,,,
124.9125,,,
124.98750000000001,,,
125.0625,,,
125.13749999999999,,,
125.2125,,,
125.2875,,,
125.36250000000001,,,
125.4375,,,
125.51249999999999,,,
125.5875,,,
125.6625,,,
125.73750000000001,,,
125.8125,,,
125.88749999999999,,,
125.9625,,,
126.0375,,,
126.11250000000001,,,
126.1875,,,
126.26249999999999,,,
126.3375,,,
126.4125,,,
126.48750000000001,,,
126.5625,,,
126.63749999999999,,,
126.7125,,,
126.7875,,,
126.86250000000001,,,
126.9375,,,
127.01249999999999,,,
127.0875,,,
127.1625,,,
127.23750000000001,,,
127.3125,,,
127.38749999999999,,,
127.4625,,,
127.5375,,,
127.61250000000001,,,
127.6875,,,
127.76249999999999,,,
127.8375,,,
127.9125,,,
127.98750000000001,,,
128.0625,,,
128.1375,,,
128.2125,,,
128.2875,,,
128.3625,,,
128.4375,,,
128.5125,,,
128.5875,,,
128.6625,,,
128.7375,,,
128.8125,,,
128.8875,,,
128.9625,,,
129.0375,,,
129.1125,,,
129.1875,,,
129.2625,,,
129.3375,,,
129.4125,,,
129.4875,,,
129.5625,,,
129.6375,,,
129.7125,,,
129.7875,,,
129.8625,,,
129.9375,,,
130.0125,,,
130.0875,,,
130.1625,,,
130.2375,,,
130.3125,,,
130.3875,,,
130.4625,,,
130.5375,,,
130.6125,,,
130.6875,,,
130.7625,,,
130.8375,,,
130.9125,,,
130.9875,,,
131.0625,,,
131.1375,,,
131.2125,,,
131.2875,,,
131.3625,,,
131.4375,,,
131.5125,,,
131.5875,,,
131.6625,,,
131.7375,,,
131.8125,,,
131.8875,,,
131.9625,,,
132.0375,,,
132.1125,,,
132.1875,,,
132.2625,,,
132.3375,,,
132.4125,,,
132.4875,,,
132.5625,,,
132.6375,,,
132.7125,,,
132.7875,,,
132.8625,,,
132.9375,,,
133.0125,,,
133.0875,,,
133.1625,,,
133.2375,,,
133.3125,,,
133.3875,,,
133.4625,,,
133.5375,,,
133.6125,,,
133.6875,,,
133.7625,,,
133.8375,,,
133.9125,,,
133.9875,,,
134.0625,,,
134.1375,,,
134.2125,,,
134.2875,,,
134.3625,,,
134.4375,,,
134.5125,,,
134.5875,,,
134.6625,,,
134.7375,,,
134.8125,,,
134.8875,,,
134.9625,,,
135.0375,,,
135.1125,,,
135.1875,,,
135.2625,,,
135.3375,,,
135.4125,,,
135.4875,,,
135.5625,,,
135.6375,,,
135.7125,,,
135.7875,,,
135.8625,,,
135.9375,,,
136.0125,,,
136.0875,,,
136.1625,,,
136.2375,,,
136.3125,,,
136.3875,,,
136.4625,,,
136.5375,,,
136.6125,,,
136.6875,,,
136.7625,,,
136.8375,,,
136.9125,,,
136.9875,,,
137.0625,,,
137.1375,,,
137.2125,,,
137.2875,,,
137.3625,,,
137.4375,,,
137.5125,,,
137.5875,,,
137.6625,,,
137.7375,,,
137.8125,,,
137.8875,,,
137.9625,,,
138.0375,,,
138.1125,,,
138.1875,,,
138.2625,,,
138.3375,,,
138.4125,,,
138.4875,,,
138.5625,,,
138.6375,,,
138.7125,,,
138.7875,,,
138.8625,,,
138.9375,,,
139.0125,,,
139.0875,,,
139.1625,,,
139.2375,,,
139.3125,,,
139.3875,,,
139.4625,,,
139.5375,,,
139.6125,,,
139.6875,,,
139.7625,,,
139.8375,,,
139.9125,,,
