dis_mid,kdp_abs_diff,reg_kdp_abs_diff,kdp_lsf_abs_diff
1.125,513.7333333333337,88.27592592592602,
1.2,621.6666666666672,88.27592592592602,
1.275,270.93333333333345,0.0,
1.35,54.266666666666666,0.0,
1.4249999999999998,17.066666666666784,0.0,
1.5,39.46666666666664,0.0,
1.575,28.00000000000001,0.0,
1.65,6.800000000000006,0.0,1.8916269841269906
1.725,8.866666666666701,0.0,2.2068981481481456
1.7999999999999998,32.2,0.0,0.0
1.875,9.666666666666641,0.0,0.0
1.9500000000000002,12.333333333333352,0.0,9.110469906046034e-15
2.025,20.066666666666688,0.0,3.83808557815392e-15
2.1,7.533333333333285,0.0,5.272384327892114e-15
2.1750000000000003,3.2000000000000597,0.0,3.281805040291465e-15
2.25,8.933333333333351,0.0,3.281805040291465e-15
2.325,1.7999999999999918,0.0,0.0
2.4,16.733333333333306,0.0,0.0
2.475,13.9333333333333,0.0,1.448392756882124e-15
2.5500000000000003,4.066666666666707,0.0,1.448392756882124e-15
2.625,2.599999999999943,0.0,1.3680191694450017e-15
2.7,18.200000000000024,0.0,7.024870330329504e-16
2.775,4.2666666666666995,0.0,6.655321364120513e-16
2.85,28.733333333333306,0.0,0.0
2.9250000000000003,57.26666666666676,0.0,0.0
3.0,32.266666666666836,0.0,4.204061549514544e-15
3.075,28.66666666666669,0.0,3.0315305997912635e-15
3.15,24.266666666666723,0.0,5.999171737353035e-16
3.225,18.39999999999999,0.0,5.7261377598797705e-16
3.3000000000000003,25.53333333333336,0.0,0.0
3.375,15.266666666666724,0.0,0.0464351851851824
3.45,29.33333333333344,0.0,0.039801587301590696
3.525,42.93333333333337,0.0,0.055209656084654515
3.6,16.133333333333283,0.0,0.04542724867724468
3.675,14.399999999999965,0.0,0.03564484126984191
3.75,6.333333333333314,0.0,0.025862433862432505
3.825,26.46666666666675,1.8574074074073668,0.01608002645502732
3.9,35.66666666666674,1.8574074074073668,0.0062976190476220495
3.975,38.66666666666676,0.8816666666666637,0.003484788359789659
4.050000000000001,26.000000000000128,0.8816666666666637,0.013267195767201423
4.125,12.73333333333328,0.0,0.023049603174597283
4.2,14.599999999999998,0.0,0.032832010582011406
4.275,0.533333333333365,0.0,0.042614417989421505
4.35,1.8666666666666667,0.0,0.0523968253968205
4.425,4.400000000000015,0.0,0.0621792328042326
4.5,16.99999999999999,0.0,0.018892857142858502
4.575,37.93333333333325,0.0,0.02204166666666201
4.65,30.466666666666683,0.0,1.1524035200155304e-15
4.725,8.20000000000007,0.0,2.3427143680038373e-15
4.8,23.199999999999974,0.0,4.919203712301274e-15
4.875,44.066666666666606,0.0,3.801258505935828e-15
4.95,21.86666666666667,0.0,3.653943995890877e-15
5.025,2.7999999999999914,0.0,4.7718892022563225e-15
5.1,9.333333333333382,0.0,0.0
5.175,11.333333333333371,0.0,0.0
5.25,0.9333333333332883,0.0,0.0
5.325,38.66666666666656,0.0,1.3659846580327124e-15
5.4,50.06666666666676,0.0,1.3659846580327124e-15
5.475,18.60000000000018,0.0,1.6611809789291619e-15
5.55,6.9333333333333345,0.0,1.6611809789291619e-15
5.625,0.3999999999999906,0.0,0.0
5.7,1.8000000000000167,0.0,0.0
5.775,27.000000000000185,0.0,0.0
5.85,50.733333333333476,0.0,5.600533145081193e-15
5.925,47.73333333333322,0.0,5.600533145081193e-15
6.0,32.46666666666662,0.0,4.854928177220473e-15
6.075,18.46666666666667,0.0,4.854928177220473e-15
6.15,1.8666666666666227,0.0,4.145363986493856e-15
6.225,5.866666666666717,0.0,4.145363986493856e-15
6.3,8.999999999999988,0.0,5.203938584052249e-15
6.375,24.86666666666659,0.0,5.203938584052249e-15
6.45,37.53333333333319,0.0,2.5419596356937417e-15
6.525,30.333333333333364,0.0,0.027541666666666256
6.6,17.266666666666772,0.0,0.0236071428571387
6.675,11.53333333333331,0.0,0.019672619047622006
6.75,20.199999999999935,0.0,0.01573809523809619
6.825,29.399999999999906,0.0,0.1392440476190501
6.9,17.466666666666647,0.0,0.1171037414965945
6.975,22.866666666666628,1.1016666666666663,0.09496343537414681
7.05,31.133333333333223,1.1016666666666663,0.07282312925171003
7.125,6.53333333333332,0.0,0.05068282312924044
7.199999999999999,11.533333333333434,0.0,0.028542517006806767
7.274999999999999,20.199999999999473,5.097619047618947,0.0064022108843505565
7.35,49.799999999999514,5.097619047618947,0.01573809523809555
7.425,33.799999999999876,0.0,0.037878401360541436
7.5,19.399999999999935,0.0,0.06001870748299559
7.574999999999999,15.6000000000001,0.0,0.08215901360543743
7.649999999999999,12.200000000000056,0.0,0.07282312925170359
7.725,2.6666666666665866,0.0,0.09102891156462681
7.8,0.13333333333335373,0.0,0.10923469387754889
7.875,7.533333333333285,0.0,0.12136904761904749
7.949999999999999,9.866666666667019,0.0,0.21326530612245143
8.024999999999999,32.86666666666672,0.0,0.17772108843537276
8.1,9.533333333332987,0.0,0.14217687074830188
8.174999999999999,4.266666666666711,0.0,0.23968820861677997
8.249999999999998,15.866666666666514,0.0,0.18513605442177083
8.325,4.46666666666704,9.952380952381075,0.13058390022674993
8.399999999999999,7.800000000000326,9.952380952381075,0.07603174603174967
8.475,17.99999999999995,0.0,0.021479591836734535
8.549999999999999,0.933333333333346,0.0,0.033072562358268165
8.624999999999998,24.199999999999836,5.322222222222138,0.00015306122447444892
8.7,8.533333333333012,5.322222222222138,0.0452721088435295
8.774999999999999,5.000000000000137,0.0,0.11545918367347308
8.85,26.000000000000195,0.0,0.0132426303854829
8.924999999999999,41.200000000000436,0.0,0.0853571428571398
8.999999999999998,22.666666666666785,0.0,0.10039682539682526
9.075,12.93333333333318,3.511111111111089,0.3184523809523798
9.15,6.066666666666576,2.644444444444397,0.47857142857143375
9.225,1.866666666666676,0.8666666666666919,0.48107142857142193
9.3,17.5333333333339,7.955555555555737,0.4718253968253707
9.375,18.200000000000564,7.955555555555737,0.3295238095238324
9.45,21.73333333333301,0.0,0.6057936507936761
9.525,50.13333333333328,11.244444444444603,0.403696145124683
9.6,16.53333333333377,0.7111111111114319,0.2015986394557734
9.675,10.333333333334199,4.799999999999652,0.0004988662131175658
9.75,45.73333333333371,5.73333333333352,0.10227891156465407
9.825,29.1999999999996,0.0,0.2670748299319472
9.9,35.06666666666713,16.74285714285732,0.45353741496598765
9.975,54.73333333333349,16.74285714285732,0.10126984126983496
10.05,2.133333333332631,0.0,0.14964285714286207
10.125,26.266666666666953,0.0,0.37420634920634566
10.2,11.399999999999846,0.0,0.09833333333333805
10.275,15.933333333333449,0.0,0.007380952380947825
10.35,22.733333333333373,0.0,0.015952380952387823
10.425,6.333333333333917,12.45714285714327,0.05547619047618424
10.5,3.0000000000006803,6.290476190476709,0.08000000000000762
10.575,23.066666666666293,6.16666666666656,0.26556972789118305
10.65,28.800000000000008,7.166666666666753,0.1263775510204037
10.725,13.333333333333606,7.166666666666753,0.012814625850355643
10.8,26.800000000000665,0.0,0.15200680272107547
10.875,45.200000000000436,8.933333333333183,0.2394260204081422
10.95,20.66666666666638,6.999999999999882,0.02443027210885118
11.025,3.5333333333334194,0.3833333333334126,0.19056547619049224
11.1,4.066666666666734,2.316666666666713,0.04964285714285044
11.175,4.73333333333343,0.0,0.0439583333333089
11.25,6.799999999999718,0.0,0.19244047619050164
11.325,67.06666666666568,21.224999999999675,0.13616071428569665
11.4,99.26666666666625,21.224999999999675,0.25904761904762985
11.475,70.80000000000003,0.0,0.2604761904761759
11.55,29.066666666666325,0.0,0.060357142857140555
11.625,38.466666666666065,0.0,0.022142857142865235
11.7,60.73333333333247,0.0,0.058035714285703754
11.775,12.466666666666255,0.0,0.1847023809523809
11.85,22.13333333333329,0.0,0.31136904761904627
11.925,26.600000000000332,4.858333333333529,0.4380357142857285
12.0,0.5333333333340082,3.374999999999683,0.21714285714286974
12.075,22.93333333333299,8.233333333333212,0.2645535714285696
12.15,32.20000000000006,1.150000000000007,0.17101190476192452
12.225,42.19999999999992,1.150000000000007,0.0774702380952248
12.3,17.5999999999996,0.0,0.04411375661374439
12.375,0.6000000000001657,0.0,0.05802579365078442
12.45,15.866666666666411,7.0166666666665805,0.16016534391535608
12.525,0.7333333333336736,2.0833333333332344,0.2623048941798858
12.6,22.533333333333385,4.933333333333346,0.22563492063492463
12.675,7.600000000000613,0.0,0.0751851851851848
12.75,39.133333333333525,2.407407407407394,0.13056878306878095
12.825,23.59999999999966,2.407407407407394,0.15309523809524284
12.9,6.600000000000066,0.0,0.2043716931216898
12.975,7.6666666666664005,0.0,0.06333333333333668
13.05,28.33333333333357,0.0,0.033511904761911016
13.125,3.9333333333338913,0.0,0.0842857142857214
13.2,28.866666666666298,0.0,0.43476190476190113
13.275,20.399999999999736,0.0,0.3380952380952391
13.35,23.199999999999648,0.0,0.2942063492063529
13.425,68.66666666666788,12.7592592592597,0.2587830687830488
13.5,70.93333333333453,12.7592592592597,0.16317460317462773
13.575,35.66666666666612,0.5666666666666169,0.15312169312169166
13.65,3.2666666666670476,10.766666666666843,0.439735449735438
13.725,23.93333333333343,11.33333333333346,0.275555555555536
13.8,18.86666666666693,2.111111111111156,0.11137566137567045
13.875,0.600000000000465,2.111111111111156,0.04197089947089694
13.95,42.06666666666609,0.0,0.2076984126983903
14.025,53.7999999999997,3.4222222222222687,0.3734259259259396
14.1,2.999999999999467,12.35555555555524,0.1746031746031722
14.175,21.3999999999995,15.777777777777509,0.2947619047619092
14.25,36.06666666666633,0.0,0.3987301587301648
14.325,79.13333333333225,0.4333333333334067,0.09229166666664868
14.4,78.06666666666712,0.4333333333334067,0.18434523809525527
14.475,29.200000000001175,0.0,0.21608134920633204
14.55,10.46666666666683,0.0,0.30059523809524946
14.625,13.333333333333517,0.0,0.3851091269841287
14.7,12.266666666666517,0.0,0.3718452380952325
14.775,9.73333333333389,4.030555555555623,0.006656746031748317
14.85,40.39999999999952,4.030555555555623,0.009285714285721891
14.925,37.73333333333277,0.0,0.20539682539683274
15.0,10.533333333333783,0.0,0.193888888888886
15.075,3.1999999999998865,0.0,0.20408730158730537
15.15,7.2000000000003155,0.0,0.14444444444443216
15.225,6.333333333333615,0.0,0.08480158730159881
15.3,8.266666666667005,0.0,0.06571428571427984
15.375,29.26666666666668,9.22499999999991,0.005477777777777693
15.45,19.266666666666346,8.224999999999888,0.05445714285713765
15.525,15.866666666667209,1.4444444444444573,0.0026726190476280554
15.6,40.93333333333308,2.444444444444481,0.0491119047619164
15.675,28.933333333332705,0.0,0.10089642857142422
15.75,1.5333333333331067,1.6222222222222396,0.15268095238095936
15.825,1.333333333333428,1.414222222222443,0.2044654761904724
15.9,11.933333333333437,0.2079999999997965,0.25624999999999787
15.975,30.93333333333265,0.0,0.3080345238095344
16.049999999999997,40.733333333332574,0.0,0.09624761904762258
16.125,24.66666666666692,0.0,0.08651428571427551
16.2,0.866666666666644,0.0,0.03193968253966871
16.275,4.266666666666806,0.0,0.038476190476195896
16.349999999999998,16.466666666666722,0.0,0.0450126984127021
16.424999999999997,12.200000000000076,0.0,0.0051999999999921545
16.5,6.266666666666682,0.0,5.765573897493122e-15
16.575,10.533333333333326,0.0,6.211255455540553e-15
16.65,9.33333333333346,0.0,0.0
16.724999999999998,11.333333333333364,0.0,0.0
16.799999999999997,0.3333333333334375,0.0,0.0
16.875,16.46666666666679,0.0,1.3014824390903972e-15
16.95,39.666666666667055,0.0,1.3014824390903972e-15
17.025,41.666666666667155,0.0,0.0
17.099999999999998,34.26666666666709,0.0,5.137605158747933e-15
17.174999999999997,47.199999999998965,0.0,5.137605158747933e-15
17.25,42.13333333333222,0.0,2.546521482351246e-15
17.325,6.866666666666738,0.0,1.2787588683721154e-15
17.4,45.40000000000044,0.0,1.2677626139791306e-15
17.474999999999998,25.266666666666943,0.0,1.0893198905618387e-14
17.549999999999997,4.199999999999905,0.0,2.456661806789659e-15
17.625,5.533333333333573,0.0,1.3349860712408046e-14
17.7,1.266666666666758,0.0,1.2409690602857594e-15
17.775,15.40000000000016,0.0,1.2409690602857594e-15
17.849999999999998,14.33333333333346,0.0,1.6407547192900497e-15
17.924999999999997,36.99999999999968,0.0,1.6407547192900497e-15
18.0,8.99999999999935,0.0,0.0
18.075000000000003,10.000000000000188,0.0,7.29170655973443e-15
18.15,4.7333333333328635,0.0,7.29170655973443e-15
18.225,36.066666666666514,0.0,0.0
18.3,49.600000000000364,0.0,0.0
18.375,71.46666666666724,0.0,3.9849654663473805e-15
18.450000000000003,81.86666666666744,0.0,3.9849654663473805e-15
18.525,2.333333333331602,0.0,7.510269792547388e-15
18.6,48.46666666666538,0.0,4.7544594919080514e-15
18.675,14.600000000000122,0.0,2.7558103006393363e-15
18.75,38.73333333333372,0.0,0.0
18.825000000000003,66.86666666666736,0.0,1.944962549127613e-15
18.9,43.13333333333314,0.0,7.741347381959654e-15
18.975,20.26666666666616,0.0,9.686309931087267e-15
19.05,18.066666666666798,0.0,9.225803170111081e-15
19.125,0.999999999999952,0.0,0.06771666666666487
19.200000000000003,5.600000000000076,0.0,0.05804285714286041
19.275,47.666666666665606,0.0,0.048369047619052585
19.35,47.13333333333228,0.0,0.0386952380952342
19.425,51.46666666666715,0.0,0.055549206349206015
19.5,53.93333333333387,0.0,0.042085714285727494
19.575000000000003,0.5333333333333279,2.708666666666893,0.028622222222208504
19.65,26.33333333333328,2.708666666666893,0.06071428571429588
19.725,2.333333333332992,0.0,0.10422770562769457
19.8,9.600000000000172,0.0,0.07518701298701203
19.875,0.20000000000000995,1.0611111111111036,0.04614632034631927
19.950000000000003,6.333333333333412,1.0611111111111036,0.01710562770562818
20.025,6.466666666666439,0.0,0.011935064935062911
20.1,15.53333333333319,1.8222222222221929,0.040975757575771654
20.175,3.600000000000076,0.7171717171718297,0.07001645021644276
20.25,19.533333333333566,2.5393939393940226,0.021666666666670498
20.325000000000003,4.400000000000018,0.0,0.041033549783552614
20.4,19.066666666666126,0.0,0.06040043290043079
20.475,30.39999999999949,0.0,0.0797673160173143
20.55,14.73333333333343,0.0,0.05691716269841507
20.625,3.200000000000057,0.0,0.023377976190472105
20.700000000000003,11.600000000000076,0.0,0.010161210317464087
20.775,5.466666666666787,0.0,0.008363095238098528
20.85,2.200000000000218,0.0,0.05388595779219457
20.925,21.33333333333365,0.0,0.035923971861484105
21.0,57.73333333333395,5.029356060606034,0.017961985930725732
21.075000000000003,75.20000000000081,5.029356060606034,1.2101430968414206e-14
21.15,33.46666666666709,0.0,0.017961985930743718
21.225,10.800000000000098,0.0,0.03592397186146823
21.3,2.333333333333412,0.0,0.0538859577922009
21.375,29.933333333333582,0.0,0.07184794372294939
21.450000000000003,47.66666666666706,0.0,0.0898099296536837
21.525,29.599999999999977,0.0,0.1077719155843967
21.6,3.3333333333330746,0.0,0.1257339015151632
21.675,6.066666666666701,0.0,0.0
21.75,25.133333333333542,0.0,0.0
21.825000000000003,27.933333333333486,0.0,9.397559343692468e-15
21.9,6.4000000000000785,0.0,9.397559343692468e-15
21.975,3.6000000000000156,0.0,0.0
22.05,16.800000000000324,0.0,1.993253441480745e-15
22.125,19.26666666666695,0.0,2.6419354550292424e-15
22.200000000000003,10.800000000000132,0.0,1.9954407787982617e-15
22.275,17.133333333333375,0.0,9.954500621102442e-16
22.35,5.199999999999889,0.0,1.6442980556014817e-15
22.425,9.000000000000048,0.0,0.0
22.5,13.400000000000166,0.0,0.0
22.575000000000003,44.73333333333372,0.0,1.9469851978452605e-15
22.65,27.533333333333395,0.0,2.5809652641915314e-15
22.725,3.866666666666859,0.0,4.527950462036792e-15
22.8,14.600000000000122,0.0,0.0
22.875,6.533333333333421,0.0,0.0
22.950000000000003,19.86666666666688,0.0,0.065781250000006
23.025,10.799999999999912,0.0,0.0841617063492114
23.1,31.466666666666736,0.0,0.0707961309523715
23.175,37.86666666666697,0.0,0.05743055555555812
23.25,10.066666666666796,0.0,0.04406498015873528
23.325000000000003,9.866666666666692,0.0,0.030699404761898308
23.4,26.46666666666608,2.631249999999923,0.017333829365087983
23.475,10.59999999999929,1.5201388888887697,0.0039682539682383
23.55,15.933333333333394,1.1111111111111531,0.009397321428557592
23.625,13.333333333333364,0.0,0.022762896825405998
23.700000000000003,0.933333333333346,0.0,0.1994270833333321
23.775,13.066666666666382,0.0,0.15241071428571107
23.85,4.199999999999642,0.0,0.10539434523808244
23.925,8.333333333333412,0.0,0.05837797619047158
24.0,9.933333333333394,0.0,0.011361607142845287
24.075000000000003,9.466666666666672,0.0,0.1103571428571658
24.15,13.933333333332723,9.422222222221729,0.09436507936509042
24.225,22.533333333332752,9.422222222221729,0.05059523809523703
24.3,1.2666666666666635,0.0,0.006825396825390184
24.375,3.9333333333333935,0.0,0.03694444444445
24.450000000000003,5.53333333333347,0.0,0.08071428571428241
24.525,27.733333333332325,2.833333333333302,0.04405753968255244
24.6,29.46666666666571,2.833333333333302,0.02378968253969016
24.675,14.466666666666816,0.0,0.09163690476189146
24.75,21.73333333333348,0.0,0.15948412698413705
24.825000000000003,21.53333333333347,0.0,0.041875000000009654
24.9,28.866666666666386,0.0,0.007678571428587633
24.975,6.333333333333954,6.741666666666757,0.02651785714289079
25.05,12.600000000000122,6.741666666666757,0.06071428571427728
25.125,8.066666666666702,0.0,0.0699999999999954
25.200000000000003,11.333333333333554,0.0,0.026802721088436066
25.275,13.866666666666896,0.0,0.054438775510206594
25.35,18.80000000000011,0.0,0.08207482993196746
25.425,29.06666666666684,0.0,0.10971088435374077
25.5,8.000000000000183,0.0,0.1373469387755082
25.575000000000003,40.933333333333806,0.996428571428595,0.1649829931972835
25.65,12.600000000000676,0.996428571428595,7.299716386910404e-15
25.725,3.333333333332903,0.0,0.0035586734693917876
25.8,18.866666666666738,0.0,0.007117346938759012
25.875,20.466666666666814,0.0,0.010676020408179387
25.950000000000003,28.800000000000324,0.0,0.014234693877541102
26.025,28.26666666666664,0.0,0.017793367346932508
26.1,11.866666666667047,0.0,0.021352040816330197
26.175,55.800000000000466,0.0,0.11366968021517929
26.25,45.800000000000466,0.0,0.11878319528647399
26.325000000000003,29.13333333333364,0.0,0.0989859960720868
26.4,52.066666666665554,0.0,0.07918879685764191
26.475,58.33333333333226,0.0,0.05939159764324531
26.55,35.33333333333365,0.0,0.03959439842882989
26.625,23.800000000000274,5.543215780036003,0.019797199214410255
26.700000000000003,36.800000000000416,5.543215780036003,1.0103029524088925e-14
26.775,13.599999999999348,0.0,0.019797199214415473
26.85,29.066666666666208,0.0,0.03959439842883289
26.925,24.06666666666689,0.0,0.05939159764325158
27.0,1.399999999999972,0.0,0.0791887968576408
27.075000000000003,36.000000000000284,0.0,0.09898599607208663
27.15,21.13333333333364,0.0,0.11878319528647097
27.225,16.26666666666662,0.0,0.1385803945008997
27.3,4.933333333333346,0.0,1.34210120769325e-15
27.375,43.666666666667055,0.0,1.34210120769325e-15
27.450000000000003,33.00000000000033,0.0,0.0
27.525,79.46666666666373,0.0,1.3311467997505605e-15
27.6,1899.866666666681,0.0,1.3311467997505605e-15
27.675,3619.933333333368,0.0,0.0
27.75,1835.3333333333508,0.0,2.6407395092986713e-16
27.825000000000003,96.46666666666758,0.0,1.3167450042535545e-14
27.9,103.93333333333203,0.0,1.3431523993465412e-14
27.975,13.46666666666907,0.0,0.0
28.05,293.06666666666933,0.0,0.0
28.125,351.33333333333655,0.0,1.302790609533517e-15
28.200000000000003,122.60000000000107,0.0,1.302790609533517e-15
28.275,49.86666666666491,0.0,0.0
28.35,60.066666666665114,0.0,3.360411628143603e-15
28.425,11.000000000000142,0.0,3.360411628143603e-15
28.5,19.600000000000264,0.0,0.0
28.575000000000003,26.666666666667012,0.0,5.642136542421541e-15
28.65,53.26666666666416,0.0,5.642136542421541e-15
28.725,159.53333333333185,0.0,0.0
28.8,84.26666666666752,0.0,0.0
28.875,55.60000000000045,0.0,0.0
28.950000000000003,51.800000000000466,0.0,1.0125737451576885e-15
29.025,36.53333333333234,0.0,3.0272701622349005e-15
29.1,9.26666666666549,0.0,7.29297472915394e-15
29.175,38.86666666666692,0.0,1.1332818636546528e-14
29.25,75.0666666666674,0.0,0.0
29.325000000000003,172.33333333333502,0.0,2.4991083844864434e-16
29.4,253.66666666666083,0.0,2.4991083844864434e-16
29.475,521.8666666666634,0.0,1.665893340490044e-14
29.55,555.866666666672,0.0,1.3682806149811834e-14
29.625,141.73333333333466,0.0,7.413983875009878e-15
29.700000000000003,122.60000000000126,0.0,1.0390111130098484e-14
29.775,79.13333333332768,0.0,0.0
29.85,234.26666666666256,0.0,0.0
29.925,69.33333333333402,0.0,0.0
30.0,125.80000000000115,0.0,2.687250781020735e-15
30.075000000000003,114.53333333333438,0.0,2.687250781020735e-15
30.15,96.86666666666206,0.0,5.833962598487962e-15
30.225,201.59999999999644,0.0,5.077610893695693e-15
30.3,32.93333333333378,0.0,5.348332923142564e-15
30.375,103.33333333333422,0.0,5.053237581123536e-15
30.450000000000003,70.60000000000065,0.0,1.0616478150164627e-14
30.525,37.133333333332885,0.0,1.2245075203535992e-14
30.6,16.93333333333429,0.0,1.2245075203535992e-14
30.675,17.800000000000182,0.0,1.0273860889805584e-14
30.75,28.533333333333612,0.0,2.8851651763882512e-15
30.825000000000003,25.000000000000238,0.0,7.388695713417333e-15
30.9,5.866666666668241,0.0,0.0
30.975,84.06666666666601,0.0,8.991407474920219e-15
31.05,40.200000000000486,0.0,7.103045862911463e-15
31.125,140.2666666666679,0.0,1.0356450907296976e-14
31.200000000000003,206.13333333333532,0.0,1.2244812519305731e-14
31.275,85.26666666666726,0.0,0.0
31.35,15.733333333333281,0.0,9.351573441122986e-16
31.425,36.533333333333616,0.0,5.828573279600466e-15
31.5,26.666666666666924,0.0,6.763730623712764e-15
31.575000000000003,25.333333333333552,0.0,1.857004243427908e-15
31.65,26.99999999999868,0.0,1.6166384326279588e-15
31.725,5.4666666666651125,0.0,3.4736426760558667e-15
31.8,65.86666666666736,0.0,0.0
31.875,47.33333333333384,0.0,1.8395489024757704e-15
31.950000000000003,31.066666666667032,0.0,9.219307934735197e-16
32.025,78.53333333333151,0.0,9.176181090022508e-16
32.1,168.99999999999363,0.0,3.881676358363643e-15
32.175000000000004,300.666666666673,0.0,3.65387402832643e-15
32.25,371.60000000000366,0.0,2.2780233003721367e-16
32.325,231.73333333332917,0.0,0.0
32.4,4.733333333337775,0.0,4.52444712974216e-15
32.475,41.86666666666499,0.0,3.1493718251992353e-15
32.550000000000004,71.06666666667063,0.0,2.945014595172889e-15
32.625,215.4666666666651,0.0,9.09513853635939e-16
32.7,74.46666666665708,0.0,3.819290506132567e-15
32.775,245.86666666666406,0.0,0.0
32.85,176.33333333332658,0.0,0.0
32.925000000000004,30.13333333333522,0.0,0.0
33.0,156.79999999999708,0.0,7.107657289405293e-15
33.075,188.53333333333234,0.0,7.107657289405293e-15
33.15,243.99999999999693,0.0,0.0
33.225,414.73333333331766,0.0,3.0885675682142256e-15
33.300000000000004,217.73333333332346,0.0,3.0885675682142256e-15
33.375,170.33333333332845,0.0,0.0
33.45,219.79999999999794,0.0,5.0399861620828704e-15
33.525,48.39999999999182,0.0,5.0399861620828704e-15
33.6,165.26666666666034,0.0,0.0
33.675000000000004,82.5333333333332,0.0,4.57101704105954e-15
33.75,45.00000000000123,0.0,4.57101704105954e-15
33.825,41.33333333333703,0.0,4.767474131226768e-15
33.9,33.46666666667062,0.0,4.767474131226768e-15
33.975,76.06666666666376,0.0,8.629910544307731e-16
34.050000000000004,105.66666666666751,0.0,8.629910544307731e-16
34.125,116.20000000000041,0.0,1.0740027409346594e-15
34.2,176.46666666667048,0.0,1.0740027409346594e-15
34.275,161.40000000000435,0.0,0.0
34.35,98.59999999999634,0.0,6.398063777959801e-15
34.425000000000004,260.00000000000074,0.0,6.398063777959801e-15
34.5,123.0666666666726,0.0,0.0
34.575,5.000000000001357,0.0,0.0
34.65,40.133333333333425,0.0,0.0
34.725,74.99999999999716,0.0,1.0487299093880905e-15
34.800000000000004,139.2666666666654,0.0,1.0487299093880905e-15
35.025000000000006,20.962962962965545,0.0,2.499952758864907e-15
35.400000000000006,222.83703703704836,0.0,1.6497720721441184e-15
35.625,239.46666666667667,0.0,4.1497248310090255e-15
35.7,64.73333333334057,0.0,1.0239825353911153e-15
35.775,36.86666666667492,0.0,1.9008248351739516e-16
35.85,256.7333333333236,0.0,8.142401934296408e-16
35.94375,261.7666666666601,0.0,3.9982482547886966e-16
36.05625,171.10000000000642,0.0,1.9517362218830887e-16
36.318749999999994,106.28000000000573,0.0,1.9517362218830887e-16
36.73125,99.05333333332939,0.0,1.910126083551063e-16
37.9125,105.8287581699307,0.0,1.910126083551063e-16
39.8625,31.89542483660019,0.0,1.8717851551813211e-16
40.95,55.773333333332204,0.0,1.8717851551813211e-16
41.175,115.10666666666317,0.0,0.0
41.325,80.13333333332928,0.0,0.0
41.4,79.93333333333126,0.0,0.0
41.475,136.8000000000011,0.0,6.2509794188476586e-15
41.55,173.93333333333294,0.0,6.2509794188476586e-15
41.625,149.33333333332763,0.0,0.0
41.7,39.73333333333159,0.0,3.5172044750878884e-16
41.775,44.666666666664796,0.0,2.4563330140218118e-15
41.85,2.066666666662414,0.0,1.5817296241399149e-15
41.925,141.33333333333215,0.0,1.2263238373906856e-15
42.0,99.39999999999617,0.0,0.0
42.075,48.20000000000302,0.0,5.2244555007605666e-15
42.15,169.13333333333176,0.0,4.008092005704516e-15
42.225,256.40000000000344,0.0,1.2163634950560498e-15
42.3,231.20000000000437,0.0,0.0
42.375,119.99999999999544,0.0,5.165856754882611e-16
42.4875,2.0888888888872152,0.0,5.165856754882611e-16
42.6375,137.7111111111074,0.0,0.0
42.75,60.79999999999778,0.0,0.0
42.88125,216.34999999999388,0.0,0.0
43.06875,6.350000000001835,0.0,0.0
43.40625,37.422222222220796,0.0,1.3459067950163418e-15
43.893750000000004,53.555555555558506,0.0,3.4038733613153013e-16
44.175,24.00000000000403,0.0,1.0055194588848117e-15
44.30625,54.866666666665836,0.0,4.98961000135551e-16
44.49375,119.59999999999667,0.0,4.98961000135551e-16
44.625,169.73333333332687,0.0,5.614476629863953e-15
44.7,79.39999999999723,0.0,1.1710338120049426e-15
44.775,29.999999999998586,0.0,1.1625736621832436e-15
44.85,29.86666666666518,0.0,1.136768744541505e-15
44.925,21.133333333332157,0.0,2.6214569950017126e-15
45.0,34.26666666666537,0.0,2.114944024977414e-15
45.075,176.66666666667106,0.0,7.800818440958677e-15
45.15,282.866666666667,0.0,7.814441550695763e-15
45.225,391.13333333334003,0.0,1.6148104958248628e-15
45.3,277.2666666666777,0.0,5.5123123162807506e-15
45.375,9.066666666666315,0.0,0.0
45.45,112.80000000000084,0.0,1.9358991265845383e-15
45.525,92.8000000000016,0.0,1.9358991265845383e-15
45.6,25.466666666664388,0.0,0.0
45.675,198.6666666666605,0.0,0.0
45.75,255.66666666665702,0.0,2.2437516968386035e-15
45.825,17.40000000000765,0.0,1.4437221891794522e-15
45.9,37.93333333332356,0.0,8.000295076591514e-16
45.975,209.19999999999993,0.0,0.0
46.05,101.33333333333738,0.0,0.0
46.125,62.59999999999758,0.0,5.72277994358192e-15
46.2,196.53333333333677,0.0,5.72277994358192e-15
46.275,135.00000000000574,0.0,0.0
46.35,51.266666666667675,0.0,0.0
46.425,40.86666666666815,0.0,3.158794881389979e-16
46.5,7.13333333333311,0.0,3.158794881389979e-16
46.575,113.73333333333959,0.0,3.778356366478902e-15
46.65,250.13333333333446,0.0,1.4206769850406561e-15
46.725,218.13333333333264,0.0,2.357679381438246e-15
46.8,149.13333333333523,0.0,2.0367785783678146e-15
46.875,140.53333333332802,0.0,2.0367785783678146e-15
46.95,81.26666666666456,0.0,4.529079019024953e-15
47.025,25.866666666666653,0.0,4.529079019024953e-15
47.1,16.86666666666909,0.0,0.0
47.175,33.733333333335125,0.0,0.0
47.25,137.53333333332805,0.0,0.0
47.325,160.13333333332923,0.0,4.183343701574347e-15
47.4,115.93333333332691,0.0,1.6130737804883216e-16
47.475,241.6000000000007,0.0,1.8470457085390808e-15
47.55,199.73333333333562,0.0,5.869082032064596e-15
47.625,215.13333333332514,0.0,1.0161589494616448e-14
47.7,158.06666666666422,0.0,7.087646306853817e-15
47.775,4.799999999996302,0.0,3.07394318776263e-15
47.85,99.46666666666837,0.0,0.0
47.925,17.400000000004795,0.0,0.0
48.0,186.8666666666596,0.0,0.0
48.075,235.39999999999952,0.0,7.30848758746025e-15
48.15,41.0666666666735,0.0,1.5333902921754766e-15
48.28125,80.44999999999857,0.0,5.775097295284773e-15
48.46875,35.81666666666368,0.0,0.0
48.6,218.20000000000584,0.0,5.591859712971488e-15
48.675,212.93333333333942,0.0,4.422189030929782e-16
48.75,63.19999999999762,0.0,6.034078616064466e-15
48.825,182.7333333333437,0.0,0.0
48.9,247.26666666667458,0.0,0.0
48.975,90.59999999999894,0.0,0.0
49.05,25.000000000001418,0.0,0.0
49.125,79.13333333333031,0.0,0.0
49.2,145.13333333333395,0.0,7.153859467845846e-15
49.275,108.20000000000199,0.0,7.153859467845846e-15
49.35,53.066666666665554,0.0,2.2287914566601402e-15
49.425,10.666666666667153,0.0,2.2287914566601402e-15
49.5,5.133333333333208,0.0,0.0
49.575,10.066666666667746,0.0,4.881104780311057e-15
49.65,58.79999999999925,0.0,3.994970709664871e-15
49.725,74.13333333333344,0.0,3.0954595500262664e-15
49.8,77.53333333333329,0.0,5.949696860868432e-16
49.875,118.79999999999545,0.0,4.993702697899884e-15
49.95,83.46666666666454,0.0,8.380326632485493e-15
50.025,20.266666666664825,0.0,3.811152112636185e-15
50.1,92.2666666666689,0.0,3.811152112636185e-15
50.175,117.46666666666786,0.0,6.868810512710475e-15
50.25,27.133333333332168,0.0,6.868810512710475e-15
50.325,102.13333333333634,0.0,0.0
50.4,82.733333333337,0.0,3.055352663249805e-15
50.475,9.666666666668156,0.0,2.319895139538783e-15
50.55,37.800000000000416,0.0,1.2975854202384694e-15
50.625,27.733333333332354,0.0,3.631049297300477e-15
50.7,17.000000000000064,0.0,2.4632529248514885e-15
50.775,11.266666666665689,0.0,5.785310008750925e-16
50.85,8.866666666665555,0.0,5.768257466112568e-16
50.925,36.73333333333283,0.0,5.768257466112568e-16
51.0,56.26666666666461,0.0,2.8756525763838595e-16
51.075,57.666666666667275,0.0,3.588677900927065e-15
51.15,25.40000000000171,0.0,0.1476721838912881
51.225,54.13333333333618,0.0,0.1162043442427938
51.3,73.26666666666873,0.0,0.09047839157490378
51.375,45.79999999999829,0.0,0.018049582239170636
51.45,26.99999999999943,0.0,0.049000099408837317
51.525,130.26666666666125,0.0,0.026313558898408584
51.61875,305.9333333333298,2.814183200611806,0.01968159412915843
51.73125,441.26666666665807,2.814183200611806,0.01778821046109219
51.825,576.9333333333407,0.0,0.018121684892004192
51.9,504.26666666667677,0.0,0.02003301307478239
52.1625,186.50303030302285,0.0,0.023556500239233225
52.6125,92.69696969696656,0.0,0.029218421771921077
52.875,170.33333333332678,0.0,0.0382341970978223
52.95,118.39999999999833,0.0,0.05322223231001551
53.025,30.66666666666834,0.0,0.07723498966487875
53.1,27.33333333333498,0.0,6.243630049766322e-15
53.175,36.66666666666799,0.0,2.3476608331459937e-15
53.25,32.33333333333207,0.0,2.3476608331459937e-15
53.325,23.86666666666419,0.0,5.775767216008644e-15
53.4,21.466666666667404,0.0,2.3264234812606587e-15
53.475,24.40000000000184,0.0,5.908065800772034e-15
53.55,16.333333333335425,0.0,2.1941248964972688e-15
53.625,57.93333333333121,0.0,0.0
53.7,76.33333333333344,0.0,6.803807302900033e-16
53.775,34.26666666666836,0.0,1.3550650924294305e-15
53.85,10.533333333333655,0.0,2.035445822719434e-15
53.925,51.99999999999875,0.0,1.3494477416306529e-15
54.0,125.79999999999536,0.0,1.3494477416306529e-15
54.35625,81.52083333333037,0.0,8.052209580962537e-16
54.99375,19.812499999999236,0.0,8.052209580962537e-16
55.35,35.133333333333425,0.0,4.0041692485734966e-16
55.425,19.6666666666673,0.0,2.261791680392969e-15
55.5,35.26666666666527,0.0,3.046084011384618e-15
55.575,68.60000000000102,0.0,5.708292616634937e-15
55.65,31.400000000002432,0.0,9.242752384713873e-16
55.725,5.40000000000101,0.0,9.242752384713873e-16
55.8,22.533333333333744,0.0,0.0
55.875,20.066666666665846,0.0,0.0
55.95,109.80000000000331,0.0,4.063197291235119e-15
56.025,123.66666666666943,0.0,4.063197291235119e-15
56.1,76.93333333333351,0.0,0.0
56.175,84.53333333333332,0.0,0.0
56.25,89.13333333333009,0.0,6.508398829060454e-16
56.325,4.199999999996727,0.0,3.2472745274859622e-15
56.4,44.00000000000157,0.0,3.898114410392008e-15
56.475,81.00000000000364,0.0,5.955999094311711e-15
56.64375,122.35555555555922,0.0,5.955999094311711e-15
56.90625,319.95555555554506,0.0,0.0
57.075,369.53333333332887,0.0,8.881790807322899e-16
57.15,125.00000000000477,0.0,8.881790807322899e-16
57.225,1.2666666666690496,0.0,1.2498598845435982e-16
57.3,96.39999999999876,0.0,9.187329471267847e-19
57.375,31.46666666666556,0.0,1.2406725550723304e-16
58.6875,40.797014925371556,0.0,9.782855290158457e-16
61.237500000000004,105.3363184079662,0.0,9.782855290158457e-16
62.55,235.00000000000114,0.0,9.651513608676433e-16
62.625,149.26666666666102,0.0,6.055792943523431e-16
62.7,7.599999999998509,0.0,2.3169915604541933e-18
62.775,8.466666666665208,0.0,3.57255074954846e-16
62.85,20.000000000003148,0.0,0.0
62.925,26.80000000000296,0.0,0.0
63.0,70.39999999999735,0.0,0.0
63.075,63.73333333333167,0.0,0.2444651893316708
63.15,35.33333333333134,0.0,0.201277198939638
63.225,110.86666666666895,0.0,0.1639372788307048
63.31875,92.50000000000291,0.0,0.13074363800765887
63.43125,121.43333333333787,0.0,0.10033630349968148
63.525,115.2000000000048,0.0,0.07155425149732142
63.6,318.93333333335323,10.473904670198074,0.04332278909895004
63.675,608.3333333333422,10.473904670198074,0.014550323243113339
63.75,129.66666666666174,0.0,0.015984682302909947
63.825,178.79999999999674,0.0,0.0497801000922794
63.9,115.06666666665879,0.0,0.08882627109073427
63.975,149.59999999999403,0.0,0.14227347587868644
64.05000000000001,18.399999999999622,0.0,0.1870340119678197
64.125,46.7333333333315,0.0,0.2244408143613692
64.2,125.26666666666186,0.0,0.2618476167549361
64.275,110.20000000000475,0.0,3.655614471118455e-15
64.35,114.46666666667127,0.0,0.0
64.425,44.3999999999983,0.0,1.7075883901091209e-15
64.5,16.799999999999432,0.0,3.977758363213648e-15
64.575,91.7333333333298,0.0,5.685346753322769e-15
64.65,104.53333333333292,0.0,1.0096451335707652e-14
64.725,66.13333333333433,0.0,1.0096451335707652e-14
64.8,82.33333333333017,0.0,0.0
64.875,91.79999999999659,0.0,5.9916534802336105e-15
64.95,106.33333333332942,0.0,9.47833191661545e-15
65.025,22.333333333327353,0.0,9.266566307959964e-15
65.1,6.800000000004907,0.0,6.203419088889098e-15
65.175,3.2666666666665094,0.0,1.6879501384137984e-15
65.25,78.66666666666367,0.0,1.6879501384137984e-15
65.325,55.066666666664524,0.0,6.062675642330907e-15
65.4,1.800000000000101,0.0,5.501960162013055e-15
65.475,19.533333333332443,0.0,1.4113212260871216e-14
65.55,104.3333333333295,0.0,6.808304968776564e-15
65.625,238.3999999999911,0.0,2.1482232709965632e-14
65.7,281.8666666666561,0.0,6.921142565707991e-15
65.775,203.26666666667353,0.0,6.921142565707991e-15
65.85,137.866666666676,0.0,0.0
65.925,88.93333333333,0.0,0.0
66.0,11.599999999999522,0.0,4.5560928944998114e-15
66.075,5.666666666666508,0.0,3.0021186918898277e-15
66.15,49.86666666666575,0.0,7.77867518832611e-16
66.225,64.46666666666513,0.0,5.546128954344252e-16
66.3,205.73333333332545,0.0,2.2149378834294744e-16
66.375,185.86666666665954,0.0,6.077322129146556e-15
66.45,43.19999999999838,0.0,2.9731921294329992e-15
66.525,49.93333333334155,0.0,2.545896117937112e-15
66.6,135.2666666666717,0.0,6.5046181406424435e-15
66.675,130.19999999999507,0.0,2.8599969814326164e-15
66.75,35.59999999999858,0.0,1.1533806287561836e-14
66.825,12.133333333332827,0.0,9.564666214895019e-15
66.9,91.86666666667585,0.0,4.829137054099433e-15
66.975,151.20000000000698,0.0,5.475372526078941e-16
67.05,83.06666666666356,0.0,3.275429897367325e-16
67.125,102.99999999999613,0.0,6.554795833413626e-15
67.2,188.06666666665961,0.0,1.0996975463002429e-15
67.275,135.5333333333375,0.0,6.330178529458009e-15
67.35,20.20000000000847,0.0,0.0
67.425,72.53333333333065,0.0,6.200289681223447e-15
67.5,106.79999999999593,0.0,6.200289681223447e-15
67.575,75.26666666666377,0.0,0.0
67.65,38.93333333334154,0.0,1.8430623884780885e-15
67.725,57.13333333334087,0.0,4.311419022315745e-16
67.8,61.399999999997625,0.0,2.274204290709663e-15
67.875,60.39999999999772,0.0,0.0
67.95,86.46666666666339,0.0,0.0
68.025,95.19999999999942,0.0,6.576905196433862e-15
68.1,60.600000000000755,0.0,2.2689274528385046e-15
68.175,68.19999999999746,0.0,0.0943597231235075
68.25,1.4000000000000021,0.0,0.0808797626773126
68.325,22.466666666665848,0.0,0.06739980223106928
68.4,113.00000000000861,0.0,0.053919841784872385
68.475,112.9333333333419,0.0,0.04043988133863152
68.55,7.866666666666319,0.0,0.026959920892435096
68.625,160.86666666666054,3.774388924940457,0.013479960446230232
68.7,213.79999999999183,3.774388924940457,1.1102230246251565e-15
68.775,169.20000000000863,0.0,0.013479960446224737
68.85,125.13333333334364,0.0,0.026959920892417777
68.925,15.199999999999434,0.0,0.040439881338654726
69.0,76.46666666666377,0.0,0.05391984178486847
69.075,26.999999999999055,0.0,0.0673998022310737
69.15,29.400000000000716,0.0,0.08087976267730701
69.225,53.333333333329456,0.0,0.09435972312351423
69.3,105.59999999999602,0.0,9.629776071465093e-15
69.375,17.99999999999924,0.0,1.079522791950484e-14
69.45,43.86666666666508,0.0,0.0
69.525,4.46666666666359,0.0,7.38452749940274e-16
69.6,2.1333333333362194,0.0,7.38452749940274e-16
69.675,31.73333333333207,0.0,0.0
69.75,2.2666666666665094,0.0,4.206125575541973e-15
69.825,27.133333333332263,0.0,5.9827792564967546e-15
69.9,89.66666666667207,0.0,0.01216183574879091
69.975,71.66666666667274,0.0,0.010424430641807099
70.05,58.999999999997726,0.0,0.008687025534860601
70.125,7.399999999999714,0.0,0.006949620427877598
70.2,9.237055564881302e-14,0.0,0.005212215320904302
70.275,67.06666666667195,0.0,0.0034748102139426987
70.35,14.400000000007154,0.4864734299515594,0.061274442144008005
70.425,29.066666666665657,0.4864734299515594,0.05103174603173238
70.5,25.199999999999047,0.0,0.040789049919496806
70.575,76.66666666666384,0.0,0.03054635380723761
70.65,70.33333333333482,0.0,0.020303657694967808
70.725,24.533333333328276,0.0,0.010060961582689376
70.8,98.73333333332961,2.381481481481562,0.00018173452955710934
70.875,76.66666666666386,2.381481481481562,0.010424430641822802
70.95,44.86666666666508,0.0,0.02066712675406468
71.025,9.266666666664214,0.0,0.14150793650791743
71.1,51.46666666666691,0.0,0.18702380952383907
71.175,52.33333333333141,0.0,0.14492063492060214
71.25,14.133333333332736,0.0,0.1028174603174099
71.325,61.933333333330935,0.0,0.060714285714334015
71.4,42.133333333332985,0.0,0.24361111111117206
71.475,8.199999999998427,6.340740740740355,0.23740740740734423
71.55,49.266666666664804,3.274074074073751,0.17166666666669328
71.625,143.9999999999945,3.066666666666604,0.10592592592595285
71.7,62.79999999999753,0.0,0.04018518518515335
71.775,45.20000000000374,0.0,0.025555555555486498
71.85,14.133333333327382,8.999999999999716,0.09129629629629532
71.925,73.46666666666395,8.999999999999716,0.1570370370370986
72.0,48.1999999999983,0.0,0.2227777777778055
72.075,22.199999999999243,0.0,0.2885185185185174
72.15,21.000000000004093,0.0,0.1730952380952402
72.225,56.20000000000276,0.0,0.128571428571418
72.3,27.86666666666556,0.0,0.1607142857142796
72.375,17.399999999999338,0.0,0.19285714285719444
72.45,59.46666666666434,0.0,0.22499999999995215
72.525,76.06666666666969,0.0,1.1439724039246264e-14
72.6,67.46666666667006,0.0,5.657536738444569e-15
72.675,74.79999999999717,0.0,5.354767024107507e-15
72.75,52.666666666664625,0.0,1.4416840669237354e-14
72.825,89.79999999999649,0.0,1.4719610383574417e-14
72.9,104.0666666666679,0.0,8.048953035262411e-15
72.975,42.333333333336974,0.0,8.048953035262411e-15
73.05,73.33333333333066,0.0,0.0404166666666618
73.125,110.19999999999592,0.0,0.0346428571428507
73.2,104.26666666666273,0.0,0.0288690476190481
73.275,63.06666666666616,0.0,0.023095238095263704
73.35,25.60000000000088,0.0,0.0890922619047265
73.425,126.06666666666187,0.0,0.0730654761904769
73.5,216.59999999999187,1.616666666666556,0.0570386904762194
73.575,128.86666666666187,1.616666666666556,0.04101190476189631
73.65,46.333333333336135,0.0,0.024985119047588877
73.725,74.00000000000169,0.0,0.00895833333335272
73.8,96.6666666666629,2.870833333333077,0.0070684523809516064
73.875,46.533333333331406,2.870833333333077,0.023095238095246884
73.95,9.799999999999715,0.0,0.03912202380952323
74.025,45.26666666667154,0.0,0.05514880952380857
74.1,10.266666666659773,0.0,0.0711755952380825
74.175,129.86666666666187,0.0,0.04101190476191932
74.25,93.7333333333298,0.0,0.05126488095237819
74.325,31.26666666666547,0.0,0.061517857142850504
74.4,37.666666666668235,0.0,0.0717708333333242
74.475,12.666666666669181,0.0,1.674249760738975e-15
74.55,52.06666666666471,0.0,4.936147371146104e-16
74.625,159.59999999999394,0.0,1.1806350236243645e-15
74.7,113.53333333332904,0.0,3.1420413458449487e-15
74.775,23.266666666671853,0.0,3.1420413458449487e-15
74.85,5.466666666672509,0.0,5.585551019580564e-15
74.925,57.333333333331225,0.0,5.585551019580564e-15
75.0,52.399999999998016,0.0,0.0
75.075,48.0666666666648,0.0,7.62049021938564e-15
75.15,110.73333333334514,0.0,4.189247649469411e-15
75.225,171.60000000000946,0.0,1.1809737868855051e-14
75.3,166.26666666666026,0.0,2.0455431193440936e-15
75.375,206.86666666665874,0.0,5.739252319707355e-15
75.45,200.53333333332574,0.0,7.784795439051449e-15
75.525,104.20000000000206,0.0,4.4673716702988706e-15
75.6,43.40000000000443,0.0,1.9448392171017436e-15
75.675,19.066666666666038,0.0,6.103736768032516e-15
75.75,26.133333333332356,0.0,0.2567013888889006
75.825,31.866666666665466,0.0,0.2200297619047651
75.9,7.133333333336795,0.0,0.18335813492060699
75.975,34.33333333333575,0.0,0.1466865079365267
76.05,31.666666666665463,0.0,0.11001488095236445
76.125,52.99999999999801,0.0,0.07334325396831276
76.2,32.06666666666546,10.268055555555302,0.036671626984093875
76.275,24.53333333332425,10.268055555555302,6.084022174945858e-14
76.35,225.06666666666626,0.0,0.03667162698419135
76.425,206.99999999999213,0.0,0.07334325396824493
76.5,67.53333333333075,0.0,0.1100148809523781
76.575,98.06666666666291,0.0,0.14668650793652094
76.65,31.40000000000582,0.0,0.183358134920659
76.725,0.5333333333403516,0.0,0.2200297619047496
76.8,114.33333333332895,0.0,0.256701388888896
76.875,36.26666666666528,0.0,0.0
76.95,121.39999999999546,0.0,0.0
77.025,69.46666666666223,0.0,0.0
77.1,8.799999999997807,0.0,1.0464725948735361e-14
77.175,51.79999999999801,0.0,4.266701288789429e-15
77.25,8.599999999999618,0.0,1.473142723752479e-14
77.325,146.1999999999943,0.0,0.0
77.4,136.2666666666674,0.0,6.064980566575095e-15
77.475,15.266666666660143,0.0,2.5503197060694564e-15
77.55,79.26666666666367,0.0,8.615300272644551e-15
77.625,68.59999999999735,0.0,1.5118524268937401e-15
77.7,84.46666666666337,0.0,2.7361302458522803e-15
77.775,73.73333333333537,0.0,0.08212962962962425
77.85,3.6666666666714285,0.0,0.07039682539683131
77.925,38.99999999999849,0.0,0.05866402116401359
78.0,7.266666666666323,0.0,0.0469312169312229
78.075,62.999999999997534,0.0,0.03519841269841628
78.15,139.93333333334067,0.0,0.02346560846559831
78.225,30.266666666678155,3.2851851851850413,0.011732804232820582
78.3,64.26666666666424,3.2851851851850413,1.9262369477246466e-14
78.375,34.99999999999858,0.0,0.011732804232809924
78.45,18.599999999999433,0.0,0.02346560846559098
78.525,59.266666666670815,0.0,0.035198412698420334
78.6,83.40000000000316,0.0,0.04693121693121338
78.675,171.86666666666014,0.0,0.058664021164026
78.75,294.9333333333221,0.0,0.0703968253968179
78.825,283.5333333333225,0.0,0.0821296296296337
78.9,113.73333333332961,0.0,2.6030084020954816e-15
78.975,51.19999999999867,0.0,2.6030084020954816e-15
79.05,153.66666666666083,0.0,0.0
79.125,148.1333333333278,0.0,0.0865455840455922
79.2,11.799999999999713,0.0,0.0741819291819196
79.275,16.59999999999663,0.0,0.0618182743182793
79.35,69.66666666666666,0.0,0.04945461945461152
79.425,1.5333333333332106,0.0,0.03709096459098127
79.5,220.1999999999917,0.0,0.024727309727298585
79.575,265.13333333332326,3.4618233618232934,0.012363654863664142
79.65,65.3333333333245,3.4618233618232934,1.63202784619898e-14
79.725,91.86666666666952,0.0,0.01236365486365032
79.8,122.59999999999536,0.0,0.024727309727311297
79.875,98.59999999999631,0.0,0.037090964590971165
79.95,54.866666666664614,0.0,0.04945461945459523
80.025,37.13333333333495,0.0,0.06181827431827319
80.1,36.333333333328994,0.0,0.0741819291819431
80.175,127.33333333332865,0.0,0.08654558404558427
80.25,14.533333333332926,0.0,4.02004012559478e-15
80.325,241.7999999999908,0.0,5.758291456403865e-15
80.4,241.86666666666903,0.0,0.0
80.475,18.000000000010857,0.0,1.6679722684654744e-14
80.55,7.066666666666414,0.0,1.6679722684654744e-14
80.625,125.93333333332848,0.0,0.0
80.7,111.39999999999563,0.0,5.271737341103432e-15
80.775,0.26666666666004346,0.0,1.0037768542283344e-15
80.85,113.4000000000022,0.0,1.0066348273613956e-14
80.925,162.26666666666046,0.0,1.4334308760489054e-14
81.0,180.46666666665976,0.0,0.0
81.075,184.999999999993,0.0,1.6284927072554713e-15
81.15,58.066666666658854,0.0,3.6140253093367e-15
81.225,172.99999999999903,0.0,2.433391728173404e-15
81.3,249.79999999999046,0.0,7.675909744765575e-15
81.375,180.1333333333264,0.0,2.2534609835196587e-15
81.45,91.59999999999641,0.0,2.2534609835196587e-15
81.525,39.06666666666904,0.0,7.107840939257148e-15
81.6,31.133333333336118,0.0,7.107840939257148e-15
81.675,10.599999999999715,0.0,6.3763331734912935e-15
81.75,23.066666666665657,0.0,1.1722741054345887e-15
81.825,67.99999999999736,0.0,5.204059068056705e-15
81.9,105.40000000000754,0.0,0.0
81.975,166.20000000000528,0.0,2.1474960154271242e-15
82.05,141.46666666666133,0.0,0.17535256410255326
82.125,47.599999999998204,0.0,0.1503021978022009
82.2,129.4666666666619,0.0,0.1252518315018339
82.275,142.6666666666661,0.0,0.10020146520145895
82.35,49.000000000002885,0.0,0.35767887667891685
82.425,116.53333333332895,0.0,0.2922673992674185
82.5,36.19999999999868,7.01410256410215,0.2268559218558348
82.575,114.13333333332895,7.01410256410215,0.16144444444452022
82.65,53.59999999999707,0.0,0.09603296703294806
82.725,0.0666666666674498,0.0,0.030621489621502462
82.8,51.0666666666648,11.301111111110863,0.03478998779007236
82.875,10.599999999999525,11.301111111110863,0.10020146520137874
82.95,96.5333333333298,0.0,0.16561294261300064
83.025,101.93333333333737,0.0,0.23102442002439472
83.1,95.60000000000416,0.0,0.2964358974359038
83.175,100.79999999999612,0.0,0.16144444444442774
83.25,68.26666666666414,0.0,0.2018055555555539
83.325,33.266666666665465,0.0,0.2421666666666678
83.4,51.33333333333892,0.0,0.2825277777777831
83.475,38.20000000000609,0.0,0.04997222222220279
83.55,40.666666666665186,0.0,0.04283333333334641
83.625,69.19999999999744,0.0,0.03569444444442681
83.7,24.599999999999053,0.0,0.028555555555552475
83.775,0.5999999999990902,0.0,0.1976666666666923
83.85,24.733333333333263,0.0,0.505539682539726
83.925,5.333333333333114,1.998888888888663,0.42462358276645096
84.0,7.533333333333113,1.998888888888663,0.3437074829932134
84.075,1.4666666666665087,0.0,0.2627913832200399
84.15,158.73333333335285,0.0,0.18187528344648762
84.225,226.20000000001698,7.049999999999764,0.10095918367369805
84.3,16.93333333333264,6.557619047618874,0.020043083899912606
84.375,92.99999999999649,13.607619047618638,0.06087301587289762
84.45,87.5333333333301,0.0,0.1417891156462141
84.525,187.80000000000842,0.0,0.22270521541945087
84.6,89.33333333334542,0.0,0.24651020408169688
84.675,37.79999999999848,0.0,0.3202874149659831
84.75,70.46666666666385,0.0,0.39406462585035174
84.825,12.933333333332737,0.0,0.4678418367347411
84.9,65.06666666667132,0.0,0.3401904761904203
84.975,0.8000000000070884,0.0,8.639765024070549e-16
85.05,61.06666666666423,0.0,0.0
85.125,47.999999999998295,0.0,0.0
85.2,92.13333333332989,0.0,0.0
85.275,15.333333333339368,0.0,2.064429260168173e-15
85.35,58.80000000000446,0.0,1.5487752607864572e-15
85.425,108.93333333332923,0.0,2.4038210502332262e-15
85.5,143.7333333333278,0.0,2.919475049614942e-15
85.575,69.73333333333065,0.0,9.428811659145176e-16
85.65,28.26666666667303,0.0,9.428811659145176e-16
85.725,78.86666666667114,0.0,7.27315694367183e-15
85.8,16.199999999999335,0.0,7.27315694367183e-15
85.875,85.19999999999669,0.0,0.0
85.95,87.19999999999678,0.0,7.680839124510923e-16
86.025,244.86666666668168,0.0,6.99133005057648e-15
86.1,112.33333333335331,0.0,7.1630730773064e-15
86.175,50.79999999999811,0.0,3.3188332279994576e-15
86.25,81.13333333333027,0.0,3.9151741137206295e-15
86.325,165.26666666666043,0.0,3.31236745760482e-15
86.4,234.06666666667957,0.0,1.7005183643189345e-15
86.475,185.46666666668136,0.0,0.6488684633202353
86.55,168.13333333332696,0.0,0.42422957493941904
86.64375000000001,174.49999999999335,0.0,0.28719458834490674
86.75625,102.70000000000091,0.0,0.17893265456105567
86.90625,6.566666666671228,0.0,1.0075108355961975
87.09375,197.4333333333669,0.0,0.2618488255125466
87.2625,373.2000000000269,10.183425229740608,0.04718510956575031
87.41250000000001,370.1333333333193,10.183425229740608,0.02515743554830091
87.525,411.3333333333552,0.0,0.018815367738085592
87.6375,286.5777777778044,0.0,0.018300117873232102
87.78750000000001,105.31111111110712,0.0,0.01977551876793099
89.83125000000001,15.107692307691677,0.0,0.02267587533765951
93.76875,86.35897435897114,0.0,0.028075313633237592
95.83125,102.3666666666636,0.0,0.0370658206741936
96.01875,50.166666666665606,0.0,0.0528150609184837
96.15,81.3333333333519,0.0,6.984615580915748e-16
96.3,132.28000000001734,0.0,3.802247340772571e-16
96.525,190.54666666666014,0.0,1.078686292168832e-15
96.67500000000001,416.33333333331757,0.0,1.7469412892426177e-15
96.76875000000001,282.8999999999893,0.0,0.016249501421053553
96.88125,15.833333333343113,0.0,0.012321045142370798
97.06875,70.16666666667487,0.0,0.009847806527445102
97.4625,39.416666666666224,0.0,0.008132357289191296
97.89375,152.91666666668584,0.0,0.007952683056885804
98.175,127.76000000001953,0.0,0.0069057481676427016
98.4,53.22666666666465,1.8269537480063287,0.0056823802148529
98.55000000000001,42.466666666665084,1.8269537480063287,0.006608471796953494
98.625,10.599999999999621,0.0,0.0083102293224247
98.69999999999999,83.59999999999687,0.0,0.0132243644830186
98.775,177.73333333334426,0.0,0.017470546133389497
98.85,113.20000000001335,0.0,0.0023911890251789997
98.92500000000001,2.9333333333333016,0.0,0.0239673281251247
99.0,44.133333333331606,0.0,0.0406727727047626
99.07499999999999,315.0666666666548,0.0,0.045673843700155384
99.15,332.80000000000354,0.0,7.996887599492288e-15
99.225,96.26666666667914,0.0,5.17857553758575e-16
99.30000000000001,15.266666666666131,0.0,8.344544897504181e-15
99.375,69.13333333333075,0.0,2.8698125312177412e-15
99.44999999999999,149.79999999999433,0.0,6.71792935626203e-15
99.525,132.46666666667062,0.0,4.496428072459892e-15
99.6,15.266666666675071,0.0,1.6923138694893537e-15
99.73125,75.29999999999916,0.0,0.3437745547234901
99.91875,200.03333333332782,0.0,0.29192558599872137
100.05000000000001,266.5999999999899,0.0,0.2524301408073254
100.125,175.19999999999334,0.0,0.22226781710383137
100.19999999999999,61.333333333331026,0.0,0.19962438263829818
100.275,210.6666666666746,0.0,0.18365628326706473
100.35,184.53333333331045,19.39292929292835,0.174589802815162
100.42500000000001,486.4666666666482,19.39292929292835,0.17441161620384715
100.5,394.79999999998506,0.0,0.02735228397469558
100.57499999999999,353.86666666665326,0.0,0.13852092352092016
100.65,230.8000000000014,0.0,0.20778138528141543
100.725,16.60000000000955,0.0,0.27704184704179635
100.80000000000001,57.666666666664526,0.0,0.34630230880233825
100.875,254.66666666665702,0.0,0.4155627705627776
100.94999999999999,25.13333333333233,0.0,0.48482323232318036
101.025,238.533333333344,0.0,9.446655136218571e-15
101.1,87.20000000001636,0.0,2.684675790166307e-15
101.17500000000001,49.9999999999981,0.0,2.684675790166307e-15
101.25,181.3333333333265,0.0,2.3004751794560625
101.32499999999999,384.13333333331883,0.0,
101.4,345.33333333334093,0.0,
101.475,85.53333333335078,0.0,
101.55000000000001,9.266666666666318,0.0,
101.625,29.866666666665466,0.0,
101.8125,30.60952380952342,11.650793650793869,
102.11250000000001,37.057142857140626,40.149206349204135,
